,ID,Full Name,Location,Pay Rate
0,9327790,Megan West,Manchester,68
1,2785284,Deborah McDonald-Hall,Leeds,99
2,4641741,Gary Martin-Crawford,Bristol,124
3,2838717,Jasmine Fox,Brighton,74
4,705387,Mr Damian Gregory, Aberdeen,70
5,495538,Zoe Ahmed-Baker,Bristol,94
6,4168396,Mrs Louise O'Neill,Leeds,111
7,1607623,Arthur Hall, Aberdeen,157
8,7048424,Mr Phillip Evans,London,75
9,5164310,Dr Mohamed Harrison,Belfast,63
10,5590674,Joan Kelly,Manchester,104
11,7529022,Ms Lindsey Burton,Bristol,96
12,9476957,Dr Jacqueline Wood,Cardiff,139
13,6602693,Ms Fiona Robertson,Edinburgh,99
14,4323464,Marcus Francis-Murphy,Brighton,116
15,7352927,Mohammad Chan-Ali,Manchester,179
16,3091588,Jonathan Wilkinson-Curtis,Manchester,74
17,6423741,Dale Jackson-Stevens,Manchester,163
18,5218000,Shaun Taylor-Murphy,Birmingham,87
19,9220771,Adam Clements-Elliott,Leeds,45
20,3446213,Dean Pritchard,Leeds,185
21,6640104,Margaret Morgan,Birmingham,51
22,3351776,Mr Brian Bibi,Belfast,152
23,443649,Aimee Fisher,Leeds,125
24,7298380,Lynn Andrews, Aberdeen,137
25,8934047,Clive Atkinson,London,69
26,7887871,Stanley Frost-Shah,Belfast,70
27,1672998,Miss Marie Price,London,133
28,6109586,Marian Ryan, Aberdeen,101
29,1651068,Joan Coles,Belfast,133
30,2742780,Lawrence Johnson,Leeds,122
31,2945981,Rachel Taylor-Powell,London,151
32,5431202,Rosemary Roberts,Belfast,25
33,6139106,Ms Holly Wells,London,102
34,9868491,Megan Williams,Edinburgh,47
35,197694,Andrea Stephens,London,109
36,3097145,Mrs Ellie Walsh,Manchester,74
37,4588724,Dr Francesca Jones,Belfast,49
38,9103147,Sally Page,Leeds,86
39,4922325,Mandy Powell,Bristol,64
40,1919715,Albert Howell,Bristol,67
41,1606455,Gillian Harper,Manchester,62
42,4314529,Douglas Butcher,Leeds,120
43,9237760,Aimee Williams, Aberdeen,125
44,4755784,Maurice Lewis-Evans,Belfast,107
45,3071251,Miss Julie Preston,London,89
46,5294803,Josh Byrne, Aberdeen,130
47,1667814,Olivia Thomas,Glasgow,108
48,2565389,Jake Cooper,Glasgow,41
49,1069143,Garry Armstrong,Glasgow,78
50,3638068,Stanley Smith-Ryan,Edinburgh,78
51,210943,Frederick Bevan,Leeds,103
52,6897040,Andrea Bennett,Glasgow,138
53,9234210,Irene Parsons-James,Cardiff,52
54,8157218,Clare Wright,Brighton,43
55,4849769,Miss Ashleigh Adams,Glasgow,114
56,786670,Zoe Williamson,Glasgow,175
57,8830116,Olivia Daly-Coles,Belfast,104
58,1199057,Diana Spencer-Willis,London,85
59,7870262,Dr Jill Roberts,Leeds,133
60,1507218,Benjamin Lawson,Manchester,74
61,8840094,Miss Kirsty Williams,Belfast,34
62,8398726,June Atkinson-Miller,Belfast,162
63,8041022,Joanne Harper,Cardiff,107
64,6732304,Dr Iain Freeman,Brighton,111
65,7760919,Dr Francesca Lee,Edinburgh,134
66,8050575,Jeffrey Mitchell,Edinburgh,105
67,7383894,Ian Baker,Leeds,29
68,4671205,Diane Griffiths,Edinburgh,130
69,9455656,Linda Clark,London,105
70,1231311,Cameron Ashton,Edinburgh,177
71,8468445,Frank Collins,Manchester,89
72,5754532,Harry Grant,Bristol,70
73,5062310,Marcus Hussain,Birmingham,131
74,8824198,Chloe Lee,Birmingham,20
75,4550808,Nicole Rowley,Leeds,80
76,7312125,Miss Valerie Page,Bristol,99
77,585634,Kimberley Lewis,Cardiff,57
78,5513960,Mr Jay Wright,Cardiff,89
79,3260869,Sean Chan,Glasgow,86
80,287096,Elliott Newton,London,115
81,848516,Dr Sean Frost,Birmingham,157
82,1618204,Caroline Mitchell,Birmingham,138
83,2761437,Donald Perry,Bristol,70
84,356874,Gavin Hall,Leeds,106
85,2660665,Douglas Bibi,Birmingham,126
86,5782485,Rachel Burns, Aberdeen,60
87,9725841,Scott Potts,Glasgow,44
88,9442785,Dr Marion Pearson,Leeds,101
89,9165314,Valerie Dale,Glasgow,126
90,2674523,Miss Claire Jones,Edinburgh,35
91,5733236,Mr Robin Thomas,Edinburgh,62
92,7683577,Mr Lee Lewis,Glasgow,73
93,3421085,Dennis Smith,Birmingham,77
94,5421221,Graeme Bennett-Leach,London,87
95,5209968,Holly Wells,Brighton,141
96,9151609,Ann Burns,Manchester,36
97,9890252,Mrs Alexandra Atkinson,Birmingham,138
98,1511473,Caroline Brown-Storey,Manchester,126
99,7119510,Guy Holloway,London,140
100,2321718,Dr Thomas Lewis,Cardiff,107
101,7208844,Joyce Richards,Cardiff,131
102,6029991,Gregory Cooke,Brighton,87
103,8941738,Bethan Jarvis,Cardiff,94
104,6427830,Alexander Thompson,Bristol,92
105,1246211,Vanessa Chan,Edinburgh,119
106,5061910,Damian Adams-Law,London,58
107,4549093,Dr Terence Parkes,Cardiff,44
108,4428084,Nicholas Smith, Aberdeen,92
109,5022112,Beth Griffin,Birmingham,40
110,9920841,Mr Wayne Lucas,Bristol,14
111,7113830,Joel Davidson,London,154
112,1798773,Rita King,Edinburgh,41
113,3568509,Joshua King-Carroll,Leeds,93
114,7748482,Kimberley Foster,Glasgow,173
115,5561597,Molly Clarke,Belfast,45
116,5558629,Sylvia Smith,Brighton,174
117,5941102,Danielle Morgan,Manchester,84
118,1730566,Nicola Kirby,Manchester,85
119,6121879,Nicole Williams,Leeds,5
120,1449758,James Poole,Birmingham,110
121,3865834,William Gill-Clarke,Manchester,53
122,4775971,Marilyn Carroll,Cardiff,79
123,5653932,Miss Hayley Jones,Brighton,40
124,491393,Ben Yates,Birmingham,113
125,2644900,Liam Brown,Glasgow,163
126,2723161,Jamie Lewis,Glasgow,102
127,8380060,Kimberley Saunders,Birmingham,164
128,8358251,Dr Frederick Dixon,Birmingham,32
129,5315081,Lewis Burgess,Cardiff,55
130,9079403,Mrs Victoria Bruce,Glasgow,116
131,1351654,Gareth Dawson,Brighton,107
132,6678376,Marcus Williams, Aberdeen,18
133,1333480,Miss Joyce Taylor,Brighton,52
134,4053519,Yvonne Hunter,Brighton,20
135,3204713,Miss Hannah Macdonald,Leeds,56
136,4807939,Justin Osborne,Manchester,83
137,2610385,Jason Kelly,Cardiff,62
138,6948019,Declan Moran, Aberdeen,144
139,7029591,Hollie Robertson-Collins,Glasgow,83
140,9475542,Denis Ellis,Birmingham,91
141,1308226,Dr Mandy Morgan,Brighton,40
142,5650063,Helen Jones-Harrison,London,102
143,5380318,Dr Guy Hall,Birmingham,97
144,2536071,Ms Sian Cunningham,Belfast,103
145,3084225,Shane Kaur,Leeds,78
146,5253146,Ms Janet Roberts,Glasgow,98
147,8604272,Dr Dean Bryant,Leeds,124
148,6434959,Molly Ryan,London,50
149,5658994,Dr Ross Abbott,Leeds,69
150,8806748,Jodie Sinclair,Brighton,46
151,6924391,Mark Roberts,Birmingham,116
152,8820018,Marilyn Martin,Manchester,37
153,3982999,Dr Susan Hall,Edinburgh,37
154,8555027,Rebecca Fitzgerald-Barker,Cardiff,94
155,1315427,Mrs Sylvia Ali,Brighton,118
156,6190491,Terry Jones,Birmingham,132
157,184312,Billy Abbott,Edinburgh,33
158,2491774,Neil Hughes,Belfast,104
159,6062605,Douglas Mason-Robinson,Glasgow,95
160,8109671,Brenda Holden,Glasgow,121
161,2430084,Maria Woods,Brighton,130
162,2266423,Ms Tracey Browne,Cardiff,44
163,1314327,Louise Palmer,Cardiff,147
164,8999239,Frank Burton,Brighton,73
165,4773045,Mr Adrian Marsh,Glasgow,113
166,1011014,Nathan Robinson,Manchester,76
167,1195299,Grace Fisher,Cardiff,161
168,2343451,Dr Clive Watts,Leeds,69
169,3555662,Dennis Stevens,Cardiff,152
170,9100283,Glenn Newton,Edinburgh,35
171,335044,Miss Lorraine Andrews,Manchester,111
172,5104068,Lynda Lawrence,Glasgow,140
173,1313324,Geoffrey Richards-Cooke,London,124
174,6865380,Ricky Cooper-Gill,Birmingham,140
175,748446,Tom Walsh,Manchester,11
176,860629,Dawn Clarke, Aberdeen,27
177,9494463,Amelia Taylor-Stokes,Leeds,100
178,3717206,Richard Webster,Brighton,133
179,6625123,Ashley Connolly,Leeds,91
180,9927419,Mohammad James,Cardiff,127
181,8913014,Maria Lane,Cardiff,31
182,896979,Kim Lambert-Robinson,Manchester,92
183,1596215,Vincent Clark,Leeds,108
184,6685469,Mrs Frances Power,Brighton,17
185,9925215,Lynda Ward, Aberdeen,129
186,8843018,Patricia Robson,Brighton,35
187,4917638,Jason Barnett,London,109
188,9845689,Alan Martin-Allen,London,161
189,9653809,Mandy Martin,Brighton,14
190,3114520,Denise Smith,Manchester,71
191,8687731,Albert Clayton-Reynolds,Manchester,44
192,3570062,Mr Geoffrey Flynn,Edinburgh,161
193,3012977,Liam Wilson,Edinburgh,78
194,2889187,Gavin Simpson-Riley,Manchester,86
195,6882317,Mr Marcus Bates,Edinburgh,112
196,4052265,Georgia Arnold,Leeds,98
197,2280981,Mrs Brenda Hawkins,Cardiff,143
198,1210235,Graeme Singh-McCarthy,Bristol,44
199,7044118,Louis Vincent,Glasgow,70
200,3187092,Dr Eric Foster, Aberdeen,125
201,4976618,Alan Wood,Manchester,120
202,6873504,Benjamin Webb,Bristol,78
203,377114,Mrs Lauren Warner,Glasgow,80
204,3623354,Robin Rowe-Noble,Belfast,145
205,711233,Elizabeth Mitchell-Mills,Brighton,138
206,3659560,Neil Berry, Aberdeen,140
207,8502111,Glen Hanson,Manchester,92
208,2841487,Terry Thompson,Cardiff,89
209,1905739,Alexandra Wilkinson,Birmingham,53
210,4771466,Shirley Willis,Glasgow,78
211,9092944,Adrian Howard,Birmingham,87
212,6336948,Roy Ball,Brighton,30
213,8085630,Ms Caroline Francis,Brighton,151
214,3223911,Charlie Scott,Cardiff,97
215,4013076,Beth Stokes-Lloyd,Birmingham,77
216,6329023,Marie Singh,Glasgow,143
217,9531210,Dr Jordan Roberts,Belfast,90
218,3498612,Jacqueline Martin,Birmingham,137
219,4132788,Dr Samuel Hart, Aberdeen,108
220,9935496,Barbara Hughes,Brighton,175
221,280709,Alison Davies,Birmingham,86
222,7402702,Mr James Bartlett,Birmingham,118
223,4860341,Ms Olivia Williams, Aberdeen,81
224,1113040,Yvonne Webster,Cardiff,122
225,9604214,Mrs Wendy Kaur,Manchester,74
226,1619234,Lesley Bell,Cardiff,87
227,7861972,Toby Jones,Glasgow,107
228,2960539,Donald Perry,Cardiff,45
229,1779949,John Hunter-Tucker,Glasgow,159
230,3810625,Tina Quinn,Cardiff,44
231,8701372,Jacob Smith,Edinburgh,141
232,8897747,Mr Phillip Davies,Brighton,3
233,8593422,Leigh Ali,Birmingham,124
234,5970781,Stuart O'Brien-Johnson,Belfast,170
235,3623018,Joanne Green,Edinburgh,98
236,5262207,James Lewis,Cardiff,94
237,4993189,Samuel Robson,Manchester,145
238,3355095,Mr Trevor Carter,Leeds,75
239,4089835,Ben Daly,Glasgow,51
240,8861246,Miss Natalie Cooper,Edinburgh,83
241,2602392,Judith Jennings,Birmingham,117
242,1845060,Leon Moore-Robinson,Glasgow,97
243,1411494,Joyce Taylor,Cardiff,144
244,2312669,Ricky Evans,Belfast,112
245,3606881,Oliver Robertson,Manchester,77
246,5291495,Dr Patrick Dunn,Belfast,15
247,1221088,Shannon Jenkins,Leeds,129
248,1986975,Amelia Taylor,Edinburgh,47
249,155202,Anthony King,Bristol,35
250,7321888,Mr Alex Morrison,Leeds,110
251,1881852,Mr Clive Burrows,Birmingham,63
252,1557728,Emily Shepherd-Lowe,Brighton,97
253,5485054,Oliver Williams, Aberdeen,96
254,5929380,Gordon Forster-Gregory,Glasgow,114
255,4682550,Dr Ruth Wilson,Manchester,161
256,993762,Dr June Powell, Aberdeen,84
257,9245973,Dr Joseph Davies,Bristol,93
258,4626261,Dr Gareth Smith,Edinburgh,67
259,4809178,Anna Marshall-Bell,Belfast,160
260,9405758,Dr Robin Allan,Edinburgh,131
261,9111534,Mr Kieran Allen,Manchester,80
262,3488494,Jennifer Burns,Glasgow,68
263,9290693,Linda Green,Manchester,124
264,925271,Sylvia Douglas,Leeds,104
265,2552212,Dr Jason Moran,Manchester,91
266,4123509,Kieran Whitehead-Miller,London,91
267,6166305,Kyle Hussain-Jones,Edinburgh,50
268,1873495,Alexander Williams,Cardiff,150
269,140052,Max Collins,London,89
270,949202,Rachael Smith, Aberdeen,54
271,3106462,Olivia Smith,Belfast,116
272,1992959,Dr Lydia Smith,London,139
273,334869,Miss Hannah Butler,London,89
274,335771,Lorraine Preston,Brighton,110
275,4544348,Marc Higgins,London,150
276,4620079,Jeremy Moss,London,116
277,7338043,Ms Brenda Elliott,Belfast,102
278,2208263,Derek Warner-Storey,Glasgow,86
279,8453478,Marian White-Cross,Belfast,116
280,8258365,Bethan Hughes,Bristol,101
281,2167256,Vincent Clarke,Edinburgh,112
282,5609668,Shaun Butcher,Brighton,105
283,5380075,Allan Smith,Brighton,121
284,6758040,Mrs Molly Bishop,Glasgow,131
285,362590,Miss Molly Marshall,Cardiff,39
286,2540977,Mr Glenn Taylor,Cardiff,104
287,2849859,Marcus Scott-Thomas,Manchester,98
288,6740168,Elaine Lane-Mills,Manchester,98
289,6157857,Mrs Katherine Davies,Glasgow,80
290,6401438,Bernard Knight, Aberdeen,80
291,7610909,Luke Lee-Walker,London,106
292,3161492,Jade Davies,Leeds,143
293,3452009,Dale Tomlinson-Smith,Belfast,105
294,8786380,Roger Jones-Bray, Aberdeen,71
295,5695615,Rachael Dale,Leeds,189
296,7286351,Dr Owen Berry,Glasgow,137
297,4596847,Marie Evans,Glasgow,65
298,2215462,Chelsea Carter,Cardiff,82
299,5544253,Mr Antony Barker,Birmingham,159
300,7509660,Mrs Kirsty Powell,Birmingham,183
301,6683057,Bradley Page,Bristol,136
302,6675350,Rosie Day,Birmingham,19
303,569221,Dr Geoffrey Walton, Aberdeen,102
304,7419622,Caroline Bruce,Leeds,162
305,2006586,Miss Hollie Bradley, Aberdeen,100
306,7741453,Dr Kyle Baker,Bristol,61
307,8847269,Mr Frank Ellis,Birmingham,121
308,710957,Naomi Henderson,Belfast,87
309,8737807,Mrs Abbie Murray,Manchester,65
310,6703591,Nicole Gordon,Belfast,78
311,6282904,Dr Rita Adams,Glasgow,54
312,7752065,Nathan Davies,Brighton,58
313,8500348,Dr Billy Walsh,Birmingham,148
314,1032586,Mrs Shirley Flynn,Birmingham,126
315,2594581,Deborah Saunders,Bristol,88
316,8132030,Chloe Johnson,Glasgow,130
317,8617992,Dr Mohammad Morris,Brighton,153
318,8920258,Tina Coles,Glasgow,174
319,8983992,Dylan Grant,Birmingham,133
320,9282571,Irene Smith,Bristol,72
321,1326790,Gerald Cox,Brighton,161
322,407610,Mr Thomas Harris,Brighton,100
323,6962401,Maria Chambers-Hargreaves,Cardiff,114
324,2254692,Miss Eileen Shaw,Cardiff,59
325,3790510,Christopher Barry,Cardiff,58
326,6653776,Mr Ryan Houghton,Cardiff,99
327,6990490,Christopher Daniels,Bristol,148
328,1222563,Mr Bruce Todd,Brighton,96
329,3362032,Dr Howard Cox,Manchester,117
330,2143401,Angela Hughes,Manchester,91
331,7760466,Dr Carly Cook,Glasgow,134
332,6072949,Dr Thomas Carpenter,Manchester,99
333,9150614,Sarah Howard,Belfast,104
334,7376832,Jacob Powell,Birmingham,152
335,9278291,Pauline Russell,Belfast,111
336,1257022,Mr Arthur Schofield,Belfast,141
337,5496084,Harry Frost-Miller,London,39
338,4804664,Carly Harris, Aberdeen,17
339,1020720,Mr Ross Young,Bristol,142
340,8571905,Malcolm Macdonald,Leeds,148
341,7451212,Tracey Khan-Wilson,Birmingham,149
342,5848423,Allan Dixon,London,84
343,5780915,Ms Fiona Wood,London,138
344,447181,Mr Leslie Turner,Edinburgh,140
345,8711532,Adam Butler,Brighton,123
346,5675226,Samantha Bull,London,54
347,8354619,Tony Nash,Edinburgh,141
348,2857178,Alexandra Jones,Manchester,88
349,4623469,Shane Chapman,Bristol,30
350,1816106,Simon Bailey,Birmingham,165
351,4897997,Kenneth Morley,Manchester,84
352,2781959,Allan McLean-Carroll,Bristol,172
353,597619,Lee Wood,Brighton,150
354,3183991,Russell Atkins-Leach,Manchester,110
355,7805006,Peter Ward,Leeds,55
356,2721757,Billy Pollard,Edinburgh,86
357,4644983,Dr Kyle Ellis, Aberdeen,81
358,1581983,Dr Kenneth Noble,Birmingham,44
359,4401966,Philip Wilkins,Brighton,88
360,9003765,Simon Scott-Johnson,Birmingham,33
361,5849021,Ms Caroline Archer,Birmingham,47
362,3496596,Glenn Owen, Aberdeen,147
363,9436288,Tony Woods,Cardiff,149
364,3420727,Lisa O'Brien,Glasgow,161
365,7696593,Joanne Kelly, Aberdeen,129
366,2821625,Dr Carole Adams,Belfast,49
367,8657908,Teresa Shah,Belfast,97
368,282443,Marian Blackburn, Aberdeen,65
369,1664201,Jade Wallace, Aberdeen,18
370,1342257,Dr Joanna Smith,Manchester,115
371,6455322,Grace Johnson-Carter, Aberdeen,130
372,7798611,Elliott Burke,Bristol,82
373,3271487,Marilyn Evans,Bristol,43
374,9741122,Francesca Patel,Edinburgh,84
375,9801300,Marilyn Smith,Birmingham,123
376,1193001,Dr Dale Sanders,Glasgow,190
377,8055311,Yvonne Davies,Edinburgh,178
378,6914990,Victor Fox, Aberdeen,169
379,6500768,Ross Bull,Brighton,83
380,7371873,Timothy Young,Manchester,30
381,181215,Laura Bailey,London,144
382,5742392,Miss Christine French,Belfast,82
383,4497714,Pamela Hodgson-Mills,Bristol,103
384,4667609,Dr Wendy Cross,Glasgow,82
385,7439254,Mr Benjamin Thomas,Glasgow,61
386,744168,Mr Gavin Smith,Leeds,53
387,5861643,Judith Watkins,Edinburgh,124
388,445842,Dr Stephen Jones,Bristol,153
389,9126676,Alice Herbert,Glasgow,120
390,677779,Oliver Hall, Aberdeen,108
391,283612,Hayley Bolton,Birmingham,87
392,3956179,Karen Payne,Belfast,166
393,6729703,Elliott Davison,Bristol,77
394,1310936,Mr Joe Robertson,Leeds,109
395,2464111,Miss Helen Ward,Cardiff,34
396,6781758,Samuel Jackson,Cardiff,66
397,6355267,Jacob Wheeler,Belfast,71
398,3107348,Josephine Burgess,London,93
399,4570414,Toby Whitehead,Leeds,133
400,6139729,Dr Amber Porter,Brighton,141
401,3062842,Steven Lane-Bradley,Glasgow,92
402,9395316,Dr Sean Gibbons,Brighton,73
403,8582507,Ms Jean Hill,Belfast,177
404,8079150,Mrs Lynda Knowles,Birmingham,112
405,586107,Dr Alan Day,London,144
406,7465864,Gary Roberts-Davis,Birmingham,35
407,7031198,Kim Warren,Birmingham,149
408,9867733,Philip Simpson,Cardiff,23
409,4245751,Dr Mary Cox,Glasgow,111
410,2262693,Jay Whitehead,Leeds,111
411,1045726,Natalie Smith-Chapman,Belfast,81
412,4686389,Dr Karen Shaw,Leeds,157
413,659677,Carol James,Bristol,85
414,336958,Damian Barton,Manchester,105
415,8501840,Sam Hanson,Manchester,146
416,4528134,Kirsty Brown, Aberdeen,99
417,5141059,Dr Max Walsh,Bristol,79
418,5576846,Janice Dawson,Bristol,158
419,3004913,Tony Clayton-Robinson,Glasgow,75
420,1233189,Lorraine Chapman-Davies,Leeds,105
421,131369,Dr Christine Morgan,Cardiff,49
422,5448579,Luke Robinson,Leeds,63
423,7966215,Kieran Cooke,Edinburgh,69
424,789066,Paula Taylor,Cardiff,134
425,2674043,Billy Arnold-Coates,Leeds,124
426,101519,Oliver O'Neill-Boyle,London,21
427,5436068,Abdul Harris,Cardiff,114
428,1812309,Damien Dixon,Glasgow,89
429,8683554,Ms Michelle Green,Belfast,160
430,1736423,Ms Ellie Carey,Edinburgh,83
431,1707859,Mr Raymond Moore,Manchester,107
432,3169592,Mr Lee Thompson,Glasgow,123
433,6620045,Scott Smith,London,47
434,3455898,Mr Tom Skinner,Manchester,118
435,5701687,Mr Ricky Glover,Leeds,88
436,3718519,Mitchell Davey,London,33
437,7407846,Ms Hannah Thomas,Belfast,68
438,2472387,Dr Tom Smith,Belfast,177
439,8161526,Clive Buckley, Aberdeen,23
440,1058328,Olivia Bishop,Cardiff,150
441,2364652,Alex Sykes,Bristol,147
442,9997388,Lynn Chapman,Leeds,181
443,5026415,Hilary Higgins,Glasgow,133
444,4851468,Miss Sylvia Moore,Bristol,71
445,5705456,Douglas Turner,Brighton,84
446,8940349,Lucy Jones-Bell,Bristol,15
447,9148405,Victor Bentley,Edinburgh,45
448,6103655,Ian Osborne-Jones,Glasgow,61
449,2600749,Vanessa Perry,Belfast,102
450,5382715,Mr Cameron Fletcher,Leeds,27
451,2869983,Kieran Pearce-Turner,Belfast,117
452,1084013,Abdul Roberts,Manchester,165
453,6321424,Miss Lynn Conway,Bristol,127
454,6770530,Louis Wallace, Aberdeen,165
455,4726935,Dr Henry Wright,Belfast,100
456,7096990,Mr Derek Simpson,Leeds,27
457,2517155,Catherine Sharpe,Bristol,127
458,5857995,Stanley Murray,Glasgow,162
459,6645812,Ryan Chandler,Belfast,50
460,9064352,Louise Page,Manchester,86
461,3290740,Harry Green,Manchester,138
462,5467520,John Greenwood-Knight,Brighton,92
463,7259747,Angela Scott,Edinburgh,126
464,503975,Simon Gardiner,Belfast,137
465,7425838,Anthony Turner,Brighton,105
466,3330449,Mr Kevin Bradley,Belfast,5
467,3251367,Mr Gerard Turner,Cardiff,106
468,2377800,Teresa Saunders,Birmingham,129
469,7073469,Ms Alexandra Bennett,Brighton,163
470,2216600,Louis Gough-Parker,Birmingham,161
471,2647215,Callum Murphy-Martin,London,158
472,8184781,Joel Robinson-Stevenson,Brighton,25
473,1759688,Molly Peters-Kemp,Brighton,146
474,1718989,Cameron Foster, Aberdeen,82
475,6289211,Mr Gordon Pearson,Edinburgh,12
476,7956229,Valerie Collins-Taylor,Birmingham,111
477,1126796,Joel Nicholls,Glasgow,57
478,3638284,Harriet Ward-Arnold,Leeds,163
479,2001223,Dr Abbie Thomas,London,127
480,181466,Georgia Campbell-Stewart,Bristol,99
481,3036285,Helen Griffiths, Aberdeen,176
482,7306953,Mr Jack Morris,Belfast,179
483,279349,Martin Hooper,Belfast,5
484,452100,Mrs Christine Roberts,Belfast,124
485,8813269,Mr Matthew Bell,Belfast,101
486,5782625,Cheryl Kent-Williamson,Edinburgh,76
487,4812275,Abbie Richardson, Aberdeen,21
488,1805855,Brett Murray,Cardiff,147
489,2546426,Stephanie Bradley, Aberdeen,77
490,5996388,Rachel Clark, Aberdeen,118
491,8699695,Pauline Harvey,Birmingham,92
492,6672353,Marc Jones,Belfast,144
493,7352360,Olivia Armstrong,Leeds,168
494,5446334,Alan Chapman, Aberdeen,83
495,9156512,Alan Turner,Brighton,160
496,9311229,Graham Warner,Cardiff,63
497,8327528,Martyn Wilson-Walker,Bristol,112
498,8929876,Dr Dylan Thomas,Cardiff,179
499,1478607,Ms Pauline Brooks,Edinburgh,76
500,6234502,Alexander Reynolds, Aberdeen,62
501,1166711,Jacqueline Taylor,Bristol,172
502,3399566,Sheila Smith,Belfast,94
503,8234286,Dr Debra Lloyd,Leeds,84
504,9774503,Judith Young,Manchester,27
505,6723671,Mrs Jill Harper,Belfast,72
506,8841066,Daniel Gray,Glasgow,117
507,6017086,Angela Howell, Aberdeen,143
508,7335964,Richard Lewis,London,166
509,4928051,Mr George Lloyd,Glasgow,67
510,2028887,Bradley Martin,Birmingham,55
511,7176579,Mr Adam Curtis, Aberdeen,83
512,8470322,Bryan Jordan,Leeds,167
513,1794795,Judith Gray-Williams,London,44
514,8059595,Abigail Quinn-Goddard,Manchester,45
515,1984730,Lynda Powell,London,71
516,3812964,Lynn Myers,Cardiff,68
517,4754570,Kerry Humphreys,Edinburgh,67
518,4807495,Simon Ward, Aberdeen,94
519,8268784,Carl Fuller,London,126
520,1021422,Daniel Owen,Manchester,150
521,6079451,Michelle Walsh,Belfast,38
522,7037572,Kieran Morrison-Carter,Cardiff,25
523,610034,Michael Grant,London,126
524,6528486,Kyle Connor-Wright,Cardiff,132
525,2546348,Clive Russell,Birmingham,83
526,5450541,Mitchell Singh,Glasgow,51
527,6000731,Trevor Lloyd,Birmingham,53
528,6093741,Megan Webb,London,51
529,2608972,Joseph Kemp,Leeds,55
530,9921845,Dr Shane Howell,Belfast,99
531,8562383,Lisa Sharp,Birmingham,136
532,5822196,Mr Ian Allen,Brighton,64
533,6913013,Ryan Goodwin,Brighton,169
534,8570489,Leanne Jarvis,Edinburgh,93
535,3581230,Martyn Young,London,143
536,7902311,Howard Davison,Belfast,94
537,4375041,Joanne Robertson,Leeds,80
538,4175649,Mr Russell Smith,Bristol,121
539,4494979,Dr Denise Hussain,Manchester,115
540,2247225,Jack Watkins,Bristol,111
541,6580498,Mr Mathew Hutchinson,Belfast,115
542,4990193,Dennis Osborne-Watson,London,108
543,2027055,Allan Taylor,Brighton,92
544,5867218,Holly Armstrong,Leeds,131
545,1680159,Nicola Thomas, Aberdeen,107
546,1682835,Dr Emma Andrews,Leeds,106
547,3444455,Alexandra Taylor-Alexander, Aberdeen,77
548,3478117,Shaun Wilson,Leeds,181
549,916413,Caroline Parry,Belfast,145
550,1669662,Denis Moore,Brighton,132
551,7879347,Lesley Atkins,Belfast,105
552,3103158,Miss Dorothy Dixon, Aberdeen,167
553,910436,Heather Hooper,London,85
554,6182923,Bernard Shaw,London,178
555,4821477,Alex Palmer,Brighton,45
556,8187628,Leah Dean, Aberdeen,125
557,7079091,Rosie Grant,Edinburgh,131
558,913251,Kelly Baker-Gregory,Glasgow,146
559,9338084,Clive Lee,Manchester,144
560,1786031,Jodie Ward,Brighton,88
561,5897883,Damien Stone,Bristol,53
562,4798660,Dr Melissa Robertson,Cardiff,153
563,5556303,Cheryl West, Aberdeen,93
564,5248514,Ms Josephine Wilson,Cardiff,84
565,1702579,Alexander Campbell,London,112
566,3253377,Aaron Hammond,Manchester,50
567,897986,Amelia Dickinson,Birmingham,166
568,7023689,Miss Jemma Robinson,Edinburgh,144
569,9015748,Jade Stephenson,London,161
570,726654,Mr Duncan Davison,Edinburgh,119
571,5279982,Roger Hartley-White,Leeds,138
572,8503084,Claire Stevenson,Edinburgh,179
573,6861356,Irene Taylor,Brighton,84
574,5051972,Lindsey Cox,Brighton,99
575,4226980,Keith Parker,Brighton,59
576,2246320,Molly Short,Manchester,81
577,5310689,Miss Margaret Webster,Edinburgh,2
578,1800455,Dr Nigel Hill,Birmingham,92
579,7069878,Marian Fraser-Watkins, Aberdeen,124
580,5532834,Antony Franklin,Edinburgh,148
581,4270181,Dr Louis Morgan,Manchester,85
582,1560603,Georgia Fisher,Brighton,35
583,5134316,Janice Patel,London,184
584,9145997,Dr Brett Miah,Belfast,107
585,8259523,Lewis Armstrong-Ellis,Leeds,168
586,870239,Ms Rachel Davies,Leeds,57
587,9518578,Hayley Ahmed,Birmingham,101
588,5801844,Mr Alex O'Neill,London,162
589,2148701,Scott Taylor,Leeds,70
590,9054918,Shirley Gallagher, Aberdeen,101
591,9169832,Ashley Watts,Glasgow,112
592,8430968,Mr Lee Henderson,Bristol,89
593,5225145,Ms Kimberley Byrne,Birmingham,132
594,7183423,Mr Stuart Chapman,Birmingham,65
595,4319022,Miss Harriet Jones,Bristol,89
596,8621638,Robin Johnson-Smith,Bristol,84
597,7144837,Tracey Cox,Cardiff,177
598,2409927,Dr Kirsty Whittaker,Glasgow,108
599,3196181,Mrs Zoe Gill, Aberdeen,91
600,4313725,Jason Holden,Leeds,152
601,1489822,Gareth Hamilton,Manchester,113
602,2958463,Alice Miah,London,87
603,1532076,Mrs Alice Clements,Belfast,83
604,1828417,Melissa Andrews,Glasgow,156
605,3035613,Anthony Baker, Aberdeen,118
606,3965871,Dr Ruth Sims,Brighton,89
607,2983103,Mr Graeme Cooper,Manchester,67
608,9126383,Dr Mohamed Miller,London,45
609,626267,Sam Chapman-Brown,Belfast,90
610,4394030,Mrs Naomi Thomas,Glasgow,26
611,3168963,Naomi White,Cardiff,66
612,4774695,Marilyn Dickinson,Leeds,13
613,8659253,Mr Barry Smith,Bristol,22
614,3309790,Miss Hayley Hicks,Leeds,93
615,5353684,Owen Poole,Birmingham,101
616,2401491,Mr Brett Connor,Belfast,139
617,4687436,Leonard Gray,Glasgow,78
618,1626324,Graeme Burke,Leeds,109
619,5595110,Ronald Rahman,Glasgow,135
620,3144715,Ms Margaret Quinn,Glasgow,73
621,5654911,Mrs Lisa Singh,Edinburgh,157
622,2949922,Olivia Yates-Williams,Birmingham,56
623,5783635,Mrs Patricia Patel,Manchester,171
624,3642631,Charlotte Miller,Belfast,91
625,2600117,Mr Anthony Robson,London,36
626,6212254,Stuart Elliott-Barnett,Edinburgh,6
627,3232191,Mrs Kathleen Smith,Glasgow,41
628,5600817,Dean Carter,Leeds,101
629,5446560,Mohamed Smith-Taylor,Edinburgh,159
630,5280700,Amanda Smith-Patterson,Brighton,137
631,3754870,Stacey Wright,Birmingham,106
632,8687396,Miss Hilary James,Belfast,67
633,3071627,Dr Irene Wilson, Aberdeen,63
634,4353771,Colin Tomlinson-Thomas,Edinburgh,76
635,7830443,Andrew Davies-May,Manchester,192
636,8556523,Mr Victor Davies,Brighton,172
637,2659022,Dr Callum Stevenson,Cardiff,47
638,4359750,Georgia Swift,Bristol,24
639,275393,Reece Carter,Leeds,60
640,7357830,Cheryl Wright-Gregory,Edinburgh,37
641,7778131,Dr Luke Ross, Aberdeen,120
642,9148739,Ashley Shah,Glasgow,131
643,8355887,Clare Stevenson,Leeds,103
644,8378346,Claire Fox-Middleton, Aberdeen,127
645,6878912,Dr Dylan Chadwick,London,63
646,9147625,Ms Lauren Morrison,Cardiff,107
647,4444480,John Byrne,London,132
648,5968506,Dr Antony Evans,Brighton,112
649,9800504,Megan Hobbs, Aberdeen,113
650,169964,Douglas Smith,Leeds,61
651,4083830,Jasmine Day,London,130
652,5535456,Dr Toby Williams,Manchester,16
653,5836914,Georgia Flynn-Birch,Leeds,55
654,6373410,Timothy Morris-Harper,Manchester,95
655,6081425,Dr Albert Charlton,Leeds,108
656,7419461,Jenna Brooks,Belfast,81
657,4354935,Ms Laura Atkins,London,64
658,7902131,Jessica Scott-Holland,Brighton,75
659,9089655,Jonathan Bishop,Bristol,73
660,6698734,Gary Lee,Birmingham,179
661,1736742,Billy Harvey-Rhodes,Brighton,150
662,5725187,Hayley Atkinson-Morris,Glasgow,100
663,9444250,Nathan Murphy,London,164
664,3935671,Louis Burrows,Brighton,127
665,2206207,Mrs Shirley Lucas,Brighton,157
666,5873082,Angela Cooper-Ahmed,Leeds,125
667,5536352,Julian Wilson,Bristol,45
668,6603751,Emma Davies,Bristol,119
669,9146177,Susan Pollard,Manchester,98
670,3254220,Frances Bennett-Potter,Brighton,90
671,8108718,Andrea Burton-Evans,London,55
672,4382751,Ms Mandy Moore,Manchester,77
673,8985505,Stephanie Richards,London,104
674,3477459,Donna Lee,Birmingham,107
675,1736283,Frank Hayes-Singh,Birmingham,100
676,7954401,Nicole King,Birmingham,144
677,9154596,Katherine Read,Leeds,75
678,8414125,Jean Curtis, Aberdeen,107
679,3657100,Lynda Green,Birmingham,88
680,9706475,Ms Hilary Morris,Belfast,107
681,2970022,Patrick Bradshaw-Jones,Brighton,46
682,8175746,Patrick Gregory,Manchester,91
683,5795602,Dr Jake Smith,Brighton,71
684,585809,Jake Williams,Glasgow,62
685,5096914,Natasha Brown,Manchester,79
686,3708837,Vincent Baker,Brighton,81
687,2200436,Sarah Wong-Brown,Cardiff,160
688,8497236,Julie Scott-Ball,Brighton,62
689,1167933,Valerie West-Gilbert,Bristol,75
690,4760064,Alice Singh-Stevens,Brighton,94
691,2949087,Miss Joan Owen,Bristol,173
692,4138514,Clive Wilson-Johnson,Birmingham,111
693,415728,Mr Alex Pearson,Leeds,45
694,5964741,Connor Peters,Belfast,93
695,5343875,Leon Turner, Aberdeen,9
696,8817654,Dr Peter Bray,Edinburgh,54
697,3414377,Mr Ricky Murphy,Cardiff,125
698,935924,Albert Smith,Brighton,66
699,4201208,Guy Reynolds,Birmingham,74
700,2265966,Miss Sara Hunt,Glasgow,72
701,9282038,Jack Jones-Williams,Birmingham,46
702,8656224,Deborah Smith,Belfast,133
703,2006615,Dr Vincent Fraser,Birmingham,74
704,4461583,Lisa Carter,Edinburgh,136
705,981852,Gary Moore,Birmingham,93
706,4779143,Adam Barton,Manchester,70
707,3763475,Frederick Robinson-Burton,London,23
708,5547727,Rosie Cox,Belfast,76
709,7162209,Brenda Connor,Glasgow,96
710,2212020,Barry Williams,London,188
711,8963331,Oliver Gordon,Manchester,76
712,660240,Joan Thompson,Bristol,100
713,9231578,Leanne Cook,Manchester,39
714,1670153,Mrs Sharon Spencer,Leeds,59
715,5555843,Ryan Simpson,Birmingham,50
716,9387989,Jasmine Noble,London,91
717,9112809,Mr Lewis Webb,Glasgow,115
718,1248470,Brandon Connolly,Belfast,85
719,6565417,Eleanor Bell,Bristol,73
720,5334514,Denis Harris,Brighton,51
721,1607588,Jenna Dunn,Birmingham,7
722,8530158,Lesley Evans,London,59
723,4000788,Tom Wells,Belfast,165
724,3478250,Chloe Ford,Edinburgh,76
725,2318966,Howard Clarke,London,104
726,3420641,Elliott Douglas,Leeds,124
727,1536901,Dr Clifford McKenzie,Glasgow,112
728,4704203,Jade Wheeler,Belfast,92
729,5776516,Bruce Jackson,Bristol,115
730,1452757,Miss Yvonne Carter, Aberdeen,51
731,9724021,Suzanne Jones-Nash,Brighton,169
732,7918351,Grace Poole,Birmingham,80
733,747189,Mr Gavin Johnson,Cardiff,97
734,5786188,Mr Victor Baldwin,Brighton,108
735,9862100,Joyce Lloyd,Brighton,129
736,1599790,Anne Wright,Glasgow,126
737,787168,Miss Lindsey Richards,Cardiff,114
738,6341702,Melissa Miles,Cardiff,115
739,1257278,Rhys Green,Belfast,147
740,7157658,Jason Grant-Moore,Leeds,155
741,667990,Jane Phillips,Bristol,94
742,2609948,Mrs Sandra Jones,Brighton,98
743,2802766,Dr Jemma Carr,Edinburgh,155
744,8864443,Miss Jennifer Miah,London,85
745,5217993,Connor Hilton,Bristol,141
746,5332857,Tracey Fuller-Thompson,Brighton,36
747,2969658,Cheryl Fry,Leeds,87
748,6075563,Dr Gavin Ellis,Belfast,107
749,8871990,Joanna Elliott,London,145
750,7685896,Brian Norton,Glasgow,151
751,7168415,Joel Ford,Belfast,113
752,8850043,Ms Sandra Burrows,Birmingham,79
753,5089106,Miss Anna Sanders,Birmingham,128
754,6759248,Dr Elliot Powell,Cardiff,76
755,8752861,Mary Baker,Glasgow,73
756,4878709,Douglas Price-Grant,Bristol,70
757,426496,Yvonne Harris,Bristol,120
758,9867823,Philip Fry,Cardiff,35
759,6715635,Leah Bailey,Glasgow,104
760,9492799,Dr Roy Kennedy,Birmingham,79
761,9092207,Debra Patel,Manchester,125
762,6919995,Timothy Lord,Belfast,26
763,180151,Jack Gibson,Glasgow,88
764,4176928,Dr Joshua Walsh,Bristol,46
765,9400738,Mr Thomas Connor,Cardiff,51
766,898904,Lucy Clarke,Edinburgh,74
767,7073247,Kimberley Coleman,London,91
768,7168473,Anna Simpson,Leeds,51
769,5258978,Stanley Parker-Richardson,Manchester,55
770,1360554,Terry Gill-Lyons,Brighton,136
771,5383321,Dr Mohammad Williams,London,70
772,915752,Sandra Ford,London,86
773,845764,Dr Arthur Clark,Leeds,25
774,4191965,Georgina Mellor,Brighton,143
775,4697655,Karen Field,Leeds,130
776,1585390,Gregory Evans,Manchester,77
777,8278822,Patrick Clark,Edinburgh,83
778,5857046,Gary Williams,London,78
779,1785698,Sandra O'Brien,Cardiff,122
780,8026624,Miss Elizabeth Andrews,Cardiff,133
781,5392573,Charlotte Williams,London,189
782,5615424,Miss Kirsty Wilson,Manchester,71
783,2371343,Damien George, Aberdeen,99
784,4146422,Lynn Wright,Edinburgh,135
785,2328844,Mr Martyn Riley,Manchester,123
786,8269923,Gregory Gallagher,Brighton,123
787,1122755,Mr Henry Mitchell,Cardiff,89
788,4126390,Hollie Benson-Jenkins,Brighton,82
789,8071869,Anthony Dixon,Birmingham,19
790,1193141,Jeffrey Jones,Edinburgh,122
791,2722917,Gemma Begum-Ellis,Brighton,65
792,1604822,Dr Bernard Ball,Belfast,131
793,7032964,Nicola Carter,Bristol,140
794,6476217,Terence Ryan-Warner,London,72
795,2418510,Liam Henderson,Belfast,175
796,7385210,Dr Conor Harper,Birmingham,135
797,6935162,Helen Bradshaw,Brighton,169
798,4827610,Ms Tracy Khan,London,185
799,2867860,Cheryl Richardson,Brighton,88
800,7667657,Jessica Lewis,Belfast,123
801,467221,Wendy Lewis,Brighton,102
802,157893,Jay Harris, Aberdeen,117
803,8315670,Gary Berry,Brighton,182
804,9996631,Rebecca Jones-Edwards,London,90
805,9375134,Sian James-Bennett,Brighton,122
806,6417399,Maurice Smith,Leeds,146
807,8752215,Jennifer Shaw, Aberdeen,96
808,5712320,Kevin Read,Cardiff,59
809,6283040,Marcus Pearce,Manchester,58
810,4242701,Mrs Shirley Smith,London,51
811,2464282,Dr Gerard Townsend, Aberdeen,56
812,9213038,Leon Murphy,London,123
813,9895794,Max Lee,Leeds,111
814,6472769,Jason Thomas,Bristol,47
815,472817,Terence Bell,Edinburgh,89
816,994582,Craig Singh,Birmingham,131
817,9819454,John Woodward,Manchester,100
818,8412534,Dean Ward,Belfast,110
819,6092472,Natalie Jones,Manchester,174
820,4859164,Adrian King,Manchester,86
821,9732252,Ms Lisa Evans,Brighton,101
822,847047,Jemma Walsh-Martin,Birmingham,142
823,4183991,Stuart Singh,Glasgow,84
824,2419078,Dr Luke Pearson,Brighton,51
825,4222096,Mrs Vanessa Vaughan,Glasgow,147
826,9510518,Dr Gregory O'Sullivan,Bristol,110
827,6733593,Leonard Cox,Birmingham,95
828,2421622,Mr Philip Jones,Cardiff,181
829,3587876,Lisa Davies,Birmingham,96
830,8111909,Colin Kent,Manchester,9
831,3832506,Dr Janet Dean,Edinburgh,169
832,5536845,Dr Denis Davies,Leeds,71
833,5003907,Geoffrey Turner,Bristol,168
834,5651650,Janet Evans,London,99
835,2019404,Shane Dixon-Taylor,Brighton,73
836,7244833,Terence Nicholls,Birmingham,147
837,2593598,Jamie Jones,Belfast,78
838,9093322,Miss Wendy Collins,Bristol,69
839,2402650,Brandon Smith,Bristol,102
840,2855296,William Singh,Birmingham,86
841,7983755,Dr Lauren Bailey,Edinburgh,100
842,6618252,Karl Yates-Ward,Glasgow,143
843,4588329,Diana Kelly,Belfast,96
844,6644013,Lorraine Griffin,Brighton,170
845,2924447,Shaun Barnes,Brighton,156
846,4040275,Cheryl Wilson,Edinburgh,170
847,5911774,Craig Hill-Sharpe,Brighton,59
848,2891596,Jamie Nicholls,Brighton,121
849,4022069,Dr Carol Smith,London,164
850,6165867,Lauren Johnson,Belfast,141
851,7943550,Teresa Morris,Cardiff,145
852,9033510,Hannah Rogers,Belfast,102
853,6316967,Karl Powell,Brighton,20
854,2856546,Joyce Evans,Brighton,82
855,3766874,Shirley Vincent-Baxter,Bristol,142
856,2271682,Kimberley Stewart,Birmingham,90
857,1054071,Miss Beth Barrett, Aberdeen,64
858,2063868,Sheila Armstrong,Leeds,142
859,7957652,Toby Wallace,Brighton,45
860,4272931,Abigail Hooper,Bristol,156
861,3616846,Jasmine Wilson,Edinburgh,5
862,1766291,Leon Norris-Griffiths,Edinburgh,105
863,5400577,Suzanne Davies,London,106
864,9848381,Dr Anne Warren,London,47
865,3708999,Nicole Porter,London,90
866,5811383,Edward Andrews-Johnson, Aberdeen,24
867,1136521,Mary Powell-Thomas,Edinburgh,99
868,7705991,Nicola Harrison,Glasgow,141
869,4466113,Geoffrey O'Sullivan,Belfast,36
870,9061398,Nicole Scott-Johnson,Cardiff,24
871,1568108,Gail Reeves,London,18
872,6993023,Julie Ward,Leeds,114
873,6173596,Mrs Hollie Jackson,Manchester,102
874,5489930,Alex Kirby,Leeds,78
875,9209588,Ms Bethan Gough,Bristol,99
876,9906993,Mr Frank Matthews,Edinburgh,126
877,7496160,Jayne Kelly,Glasgow,30
878,2567366,Dr Danielle Jones,London,117
879,8853149,Brian Graham, Aberdeen,118
880,2306505,Tina Miles-Powell,Brighton,96
881,2254963,Rachael Wilson,Birmingham,77
882,109812,Patricia Collins,Leeds,128
883,5878253,Sean Bailey-Singh,Manchester,98
884,5841476,Lucy Gregory,Birmingham,175
885,8714878,Mrs Julia Clarke,Leeds,147
886,8150417,Sarah Ryan,Birmingham,134
887,4175673,Bernard Singh,Glasgow,63
888,4150614,Olivia Johnson,Glasgow,59
889,5607786,Sarah Mitchell,Brighton,33
890,5093063,Mr Ashley Walsh,Birmingham,66
891,8071638,Nathan Porter,Glasgow,4
892,1990648,Ms Hollie Alexander, Aberdeen,133
893,6747116,Sam Hughes, Aberdeen,65
894,3583432,Mr Keith Reynolds,Leeds,80
895,5066565,Ms Mary Harris,Leeds,30
896,4251727,Mr Reece Foster,Belfast,142
897,856258,Lindsey Booth,Glasgow,51
898,1691002,William Clarke,Edinburgh,57
899,8732850,Miss Geraldine Dean,Manchester,144
900,2074727,Kerry Cunningham,Leeds,99
901,1186299,Matthew Davis,Belfast,83
902,8484876,Olivia Bradley,Cardiff,61
903,9737862,Jake Edwards,Bristol,71
904,3972455,Dr Toby Whitehead,Manchester,138
905,2735917,Debra Mann,Cardiff,149
906,8812698,Pamela Bailey,Manchester,139
907,1799132,Ms Heather Allan,Manchester,130
908,4316164,Judith Marsden,Birmingham,133
909,4892945,Stewart Baker,Bristol,109
910,2331813,Mark Bull,Edinburgh,158
911,5674937,Miss Diane Marshall,Brighton,61
912,302460,Conor Parker,Glasgow,149
913,4059906,Stacey Shaw,Belfast,112
914,5176355,Bernard Ford, Aberdeen,107
915,4177280,June Thomas, Aberdeen,143
916,1708255,Toby Donnelly,Edinburgh,39
917,1754694,Sharon Forster,Manchester,28
918,975511,Sophie Lewis,Birmingham,108
919,6023926,Dr Jeffrey Hunter,Birmingham,6
920,579407,Lewis Thorpe,Belfast,104
921,973296,Mrs Rita Roberts, Aberdeen,98
922,7610541,Kerry Miller,Manchester,74
923,3835806,Russell Scott, Aberdeen,121
924,5671283,Charlie Joyce,Glasgow,44
925,8989757,Julie Foster,Manchester,93
926,4382641,Dr Maria Adams,Glasgow,125
927,7673735,Damien Cross,Cardiff,107
928,9054851,Dr Kevin Cooper,Birmingham,112
929,8638868,Denise Atkins,Manchester,159
930,6868341,Georgina Jennings-Kelly,Glasgow,87
931,2242461,Nicola Holloway,London,60
932,1105019,Mr Victor Shepherd,London,84
933,7236546,Mr Ronald Harris,Brighton,136
934,2841874,Russell Morris,Edinburgh,114
935,2977596,Holly Byrne-Hall,Brighton,95
936,3252100,Dr Hilary West,Manchester,176
937,2119335,Ms Beth Wallis,Glasgow,44
938,2641018,Dr Daniel Kelly,Leeds,102
939,9317600,Katherine Gregory-Gray,Brighton,86
940,4990595,Miss Stacey Morgan,Brighton,144
941,3781457,Kevin Cooke-Vaughan,Leeds,117
942,5422979,Reece Spencer,Birmingham,24
943,9291233,Carole Mitchell,Glasgow,54
944,7136975,John O'Connor-Hunt,Birmingham,63
945,1036278,Mrs Sharon Reeves,London,156
946,3466408,Mrs Julia Hopkins,Birmingham,113
947,8553310,Elliott Carter,Manchester,70
948,8665865,Alice Bates,Glasgow,56
949,416058,Mrs Abbie Taylor,Bristol,23
950,4558511,Mrs Kerry Johnson,Cardiff,72
951,3231288,Duncan Stewart,Brighton,64
952,1169843,Roger Mann, Aberdeen,102
953,1153574,Mr Phillip Hawkins,Manchester,149
954,7030417,Miss Laura Austin,Manchester,138
955,2517378,Oliver Rowe,London,125
956,6823375,Albert Wright,Manchester,76
957,9620899,Stewart Edwards,Bristol,146
958,478969,Dr Amber Barker,Leeds,88
959,9709992,Stuart Ellis, Aberdeen,120
960,5273540,Elizabeth Hodgson,Edinburgh,103
961,564840,Mrs Nicola Wilson,Belfast,51
962,677408,Natalie Reeves,Brighton,141
963,8087626,Pamela McDonald,Manchester,80
964,4112419,Dr Nicholas Matthews,Cardiff,33
965,8890243,Hazel Wright, Aberdeen,78
966,1325394,Miss Gemma West,Belfast,27
967,5993923,Mr William Adams,Belfast,79
968,5426736,Jacqueline Norman,Brighton,158
969,7645465,Ms Joan Bailey,Belfast,109
970,3620115,Patricia Rhodes,Glasgow,56
971,2059225,Sheila Smith,Brighton,117
972,5496956,Miss Natalie Bailey, Aberdeen,160
973,7425072,Marcus Williams,Leeds,71
974,8350686,Jade Jones,Bristol,28
975,763304,Mrs Fiona Savage,Birmingham,130
976,9705176,Tom Humphreys,Brighton,71
977,6614205,Dr Luke Smith,Manchester,24
978,4208277,Diane Chan,Brighton,51
979,4666211,Janice White,Manchester,116
980,1641907,Rachel Stephenson,Birmingham,189
981,7098440,Mr Leonard Myers,Glasgow,62
982,1819951,Beth Knowles-Day,Birmingham,124
983,4274677,Miss Helen Dickinson,Manchester,90
984,5103324,Miss Tracey Talbot,London,50
985,4160609,Alison Hudson-Allen,Glasgow,179
986,5002107,Jeremy Page,Leeds,41
987,1144517,Shane Slater, Aberdeen,96
988,6697298,Mrs Marian Knight,Cardiff,28
989,8926753,Robert Nash,Edinburgh,106
990,5496812,Wendy Saunders,Manchester,154
991,199171,Emma Parkinson, Aberdeen,108
992,3911676,Dr Gavin Nicholson,Bristol,79
993,7256384,Simon Harrison,Cardiff,114
994,8457735,Jay Fletcher,Birmingham,81
995,3944126,Miss Lesley White,Cardiff,75
996,9737907,Amber Wade,Edinburgh,33
997,7735821,Benjamin Smith,Brighton,132
998,7483266,Dean Jones,Manchester,160
999,3477143,Miss Aimee Hartley,Cardiff,136
1000,8548235,Dr Ashley Bailey,Edinburgh,121
1001,4781379,Shaun Richards,Brighton,57
1002,3862961,Mrs Sarah Parker,Manchester,85
1003,4335318,Ryan Brown-Turner,London,104
1004,3079512,Mr Elliott Duffy,Bristol,94
1005,5140310,Ms Beverley Hughes,Manchester,101
1006,4507526,Joanna Cook-Whitehouse,Leeds,62
1007,2760880,Timothy Nicholson,Bristol,84
1008,607874,Joshua Rowe-Middleton,Bristol,38
1009,5003307,Charlie Woods,Edinburgh,111
1010,2955156,Dr Keith Smith,Cardiff,90
1011,6793875,Andrew Rose,Bristol,45
1012,8184283,Amanda Chambers,Belfast,157
1013,3044453,Dr Trevor Rees,Manchester,58
1014,7045921,Dr Declan Chambers,Belfast,40
1015,5776861,Lisa Bennett,Brighton,49
1016,4764379,Abbie Kelly,Edinburgh,101
1017,6718615,Dr Phillip Edwards,Glasgow,123
1018,4910200,William Bruce, Aberdeen,114
1019,8577602,Kerry Wilkinson,Belfast,89
1020,3554616,Kim Parry-Thomas,Cardiff,109
1021,5181105,Mr Mark Stone,Bristol,83
1022,5501249,Duncan King,Cardiff,129
1023,2474809,Kim Bell,Cardiff,143
1024,7611769,Stanley Powell, Aberdeen,168
1025,1724678,Jennifer Gardner,Manchester,136
1026,8802881,Caroline Adams,Manchester,23
1027,4041140,Dr Louise Stephens,Manchester,99
1028,9337048,Danny Lamb,Brighton,183
1029,5288977,Ms Angela Parry,Bristol,16
1030,8794076,Mrs Irene Stephenson,Leeds,120
1031,1736341,Mr Abdul Reid,Manchester,98
1032,9053487,Jack Holland,London,149
1033,1871382,Katherine Mason,Birmingham,105
1034,693794,Wendy Reid,Edinburgh,32
1035,2207604,Jemma Blackburn,Birmingham,57
1036,813918,Ashley Matthews,Brighton,98
1037,6987525,Joan Williams-Murphy,Belfast,158
1038,2773581,Ruth Briggs,Brighton,69
1039,2550526,Rachael Porter-Lawson,Belfast,134
1040,8995634,Marilyn Lambert-Middleton,Leeds,164
1041,6391451,Dr Emma Lee, Aberdeen,172
1042,599683,Mrs Grace Smith, Aberdeen,95
1043,5286010,Richard Williams-Gilbert,Birmingham,128
1044,5316144,Gail Parry, Aberdeen,83
1045,1451609,Bethany James,Birmingham,125
1046,7947205,Jill Barnett,Manchester,135
1047,2658716,Francesca Nolan,London,42
1048,7526141,Julie Murray,Belfast,76
1049,1425831,Josephine Harrison,Edinburgh,85
1050,7405524,Tracey Yates,Glasgow,74
1051,862308,Paige Rose,Brighton,44
1052,9502139,Diane Patel,Bristol,142
1053,222962,Matthew Hughes,Cardiff,155
1054,9974269,Mr Callum King,Leeds,100
1055,7166135,Debra Walker,Birmingham,82
1056,6743278,Mohammad Walsh,Cardiff,75
1057,2812412,Ms Jean Cooke,Cardiff,166
1058,723068,Kathryn Hunt-Marsden,Edinburgh,90
1059,9550749,Hilary Williams,Manchester,54
1060,7794092,Ian Baker,Leeds,56
1061,7367088,Amanda Baxter,Birmingham,103
1062,8299461,Brenda Brown,Cardiff,98
1063,1988448,Ruth Ashton, Aberdeen,163
1064,4979654,Amy Hamilton-Jones,Brighton,136
1065,7184730,Aimee Gray,London,101
1066,2147971,Frederick Savage,Manchester,105
1067,3435480,June Smith-Davies,Edinburgh,39
1068,1650289,Billy Curtis-Hammond,Cardiff,120
1069,1069799,Carl Davies-Graham, Aberdeen,129
1070,9041554,Adam Gregory,Birmingham,146
1071,7520689,Mr Ross Ellis,Leeds,126
1072,9156221,Derek Ahmed,Glasgow,53
1073,8763728,Henry Blackburn,Glasgow,143
1074,8235132,Bryan Carter,Belfast,53
1075,356109,Alan Robinson, Aberdeen,135
1076,3868861,Mr Stewart Smith,Belfast,118
1077,8002100,Mr Martyn Brennan,Birmingham,97
1078,8169202,Dr Bradley Parkes,Manchester,76
1079,3032785,Andrea Dawson-Cooper,Birmingham,60
1080,5494430,Holly Clarke,Birmingham,104
1081,3170559,Ross O'Brien-Grant,Bristol,62
1082,9931380,Miss Lynda Gough,Manchester,90
1083,9659586,Gregory Gilbert,Manchester,94
1084,3493515,Mrs Zoe Campbell,Birmingham,38
1085,2668483,Stuart Murphy,Manchester,87
1086,5231045,Dr Mitchell Reed,Belfast,113
1087,6203888,Mrs Lynne Smith,Birmingham,66
1088,7698405,Neil Fletcher,Glasgow,98
1089,860966,Catherine Campbell-Faulkner,Brighton,148
1090,9642223,David Sharpe,Birmingham,18
1091,4672249,Geoffrey May,Manchester,69
1092,5714507,Mr Stanley Duffy,Birmingham,58
1093,9521812,Miss Sylvia Johnson,Belfast,78
1094,2188840,Mr Jack Wilson,Leeds,92
1095,5141800,Jemma Stevenson,Glasgow,73
1096,9908730,Mr Eric Roberts,Cardiff,108
1097,312709,Josh Harding-Benson,Brighton,81
1098,8347806,Mr Terry Hall,Glasgow,183
1099,9508135,Sophie Fisher,Glasgow,98
1100,8346336,Mr Harry Ward,Leeds,76
1101,9821832,Megan Thompson,Manchester,168
1102,9403788,Alex Wright-Lloyd,Manchester,134
1103,3052273,Lorraine Morris,Glasgow,133
1104,4053258,Raymond Quinn,London,22
1105,9145121,Abdul Heath,London,107
1106,7372282,Dr Clifford Garner,London,135
1107,3677885,Jamie Kay, Aberdeen,83
1108,4442023,Tracy White, Aberdeen,91
1109,9911445,Dr Andrea Jones,Edinburgh,129
1110,5448602,Sophie Gilbert,Cardiff,167
1111,1827704,Jay Walker,Belfast,111
1112,5058408,Dr Owen Fry,Brighton,77
1113,4801722,Abigail Smith,Leeds,140
1114,5535315,Mr Ricky Osborne,London,87
1115,1050133,Dr Shaun Webster,London,56
1116,509241,Sylvia Reynolds,Cardiff,93
1117,2191315,Ben Ellis,Edinburgh,160
1118,6963238,Victor Griffiths,Manchester,143
1119,2277086,Dr Sophie Taylor,Manchester,110
1120,2199502,Russell Sheppard, Aberdeen,86
1121,6188577,Richard Pratt,Birmingham,49
1122,369790,Jane Khan-Baker,London,106
1123,5236330,Andrew Baker,Birmingham,53
1124,9090032,Donna Gough,Belfast,168
1125,4214141,Mary Dunn,Bristol,75
1126,6914154,Arthur Holmes,Birmingham,139
1127,2170618,Kerry Winter-Parker,Bristol,179
1128,1149384,Jordan Smith-Clayton,Brighton,118
1129,3451462,Miss Emily Simmons,Manchester,58
1130,6191824,Gillian Jones,Cardiff,71
1131,6605838,Richard Gallagher-Bray,Cardiff,50
1132,3815571,Dr Abbie Morgan,Birmingham,115
1133,2198440,Georgina Chadwick,Leeds,108
1134,6425241,Dr Phillip Khan, Aberdeen,65
1135,3546945,Sally Ferguson-Wright,Brighton,21
1136,897255,Mr Hugh Marsh,Belfast,102
1137,4057101,Gillian Moore-Gray,Brighton,139
1138,6087578,Norman Noble,Bristol,138
1139,1590029,Norman Stephenson,Brighton,10
1140,5490490,Adrian Fitzgerald,Leeds,120
1141,6205779,Rosemary Watson,Leeds,129
1142,8468822,Dr Tony French,London,78
1143,7244678,Jodie Allen-Webster,Manchester,161
1144,4185236,Julian Harding,Edinburgh,133
1145,8513184,Hannah Byrne,Bristol,49
1146,153577,Leigh Lewis,Belfast,47
1147,4674061,Jade Wilson,Belfast,74
1148,5138063,Robin Norris,Manchester,185
1149,2784651,Dr Dean Ferguson,London,151
1150,1283450,Hugh Roberts,Belfast,105
1151,3745541,Dale Bell,Manchester,89
1152,8089615,Eric Collins, Aberdeen,136
1153,4151763,John Williams,Manchester,33
1154,3058319,Sally Walsh,Leeds,88
1155,6395534,Robin Bailey,Bristol,182
1156,7529249,Ross Rowe,Leeds,49
1157,5993998,Connor Wright-Hart,Manchester,130
1158,2786017,Mr Simon Smith,Edinburgh,112
1159,9401317,Christian White,Belfast,157
1160,8338119,Duncan Middleton,Brighton,24
1161,2511074,Rachael Young,London,37
1162,8025522,Ms Yvonne Cartwright,Cardiff,150
1163,8489884,Lynne Martin,London,14
1164,5595568,Dr Roy Hill,London,98
1165,9304365,Duncan Taylor,Manchester,111
1166,9900989,Mr Jason Young,Leeds,90
1167,4510717,Sharon Hartley, Aberdeen,122
1168,1057333,Kimberley Hewitt,Cardiff,139
1169,3504464,Geoffrey Fox-Barnes,Edinburgh,126
1170,6577908,Eileen Black,Leeds,154
1171,5999789,Dr Gavin Patel,Belfast,136
1172,4754422,Mary Lawrence-Jones,Leeds,134
1173,4564899,Dr Malcolm Roberts,Edinburgh,85
1174,6739668,Rachael Ferguson,Cardiff,95
1175,2862868,Dean Gray,Belfast,94
1176,9854145,Frederick Stevenson-Taylor,Edinburgh,99
1177,8971317,Adrian Robinson,Cardiff,100
1178,5306577,Stephanie Bell,Birmingham,116
1179,1917846,Sam Powell,Bristol,120
1180,2667240,Jayne Morton,Bristol,72
1181,9020335,Jill Fox,Edinburgh,76
1182,8937813,Jean Griffiths-Abbott, Aberdeen,98
1183,7828820,Dr Derek Law,London,147
1184,5318344,Abbie Evans, Aberdeen,82
1185,9969379,Miss Lynn Robinson,Birmingham,120
1186,1229025,Sophie Davison,Birmingham,190
1187,3287348,Geraldine Smith-Hale,Glasgow,79
1188,3860429,Eric Harding,Brighton,72
1189,9128806,Joel Allen,Belfast,126
1190,7667345,Ms Wendy Jackson,London,155
1191,5911580,Mr Leonard Stephens,Manchester,72
1192,9983234,Joel Akhtar,Leeds,143
1193,5062098,Janice Armstrong-Parker,Glasgow,53
1194,1105401,Mrs Sheila Khan,Glasgow,123
1195,9272318,Martyn Hill,Manchester,66
1196,6519235,Andrea Marsh,Brighton,105
1197,6161344,Dr Andrew Nash,Cardiff,122
1198,3138799,Janet Rees,Brighton,17
1199,6882849,Ms Samantha Smith,Belfast,50
1200,133064,Jodie Smith,Glasgow,100
1201,7808738,Chloe White,Birmingham,146
1202,883618,Samantha Jones,Brighton,118
1203,958078,Leanne Stokes,Brighton,92
1204,6436696,Jack Evans-Wright,Manchester,139
1205,9352472,Jeremy Thomas-Hughes,Belfast,107
1206,8855312,Ms Donna Morley,Belfast,81
1207,4826616,Alexander Mason,Glasgow,42
1208,7490251,James Evans,Birmingham,26
1209,8943519,Dr Jasmine Burke,Glasgow,182
1210,1071371,Brian Walker-Reynolds,Belfast,95
1211,1381970,Katy Howard-Dunn, Aberdeen,35
1212,7718076,Samuel Barnes,Glasgow,103
1213,7658891,Miss Diana Miles,Brighton,65
1214,2572252,Marian Collins,Leeds,51
1215,7000839,Katy Jones,Birmingham,103
1216,6490668,Connor Bradley-Wright,Birmingham,64
1217,7930727,Nathan Ashton,Cardiff,75
1218,2601300,Clive Hardy,Edinburgh,81
1219,831657,Mr Dylan Bailey,Cardiff,45
1220,6487298,Gavin Vaughan,Birmingham,51
1221,9790352,Roger Newton,Bristol,125
1222,6495735,Kimberley Turner,Brighton,27
1223,5129919,Miss Vanessa Bailey,Manchester,35
1224,9861938,Natasha Lynch-Edwards,Brighton,120
1225,572982,Dr Kayleigh Smith,Bristol,95
1226,9233067,Tina Watson,Edinburgh,83
1227,7187868,Mrs Naomi Carter,Belfast,123
1228,7655525,Ms Holly Griffiths,Edinburgh,75
1229,9298315,Shirley Poole, Aberdeen,67
1230,1117087,Vincent Higgins,Leeds,101
1231,7806294,Yvonne Brennan,Leeds,83
1232,265205,Dorothy Gough-Wallis,Birmingham,56
1233,6644954,Abbie Wilson, Aberdeen,41
1234,7598247,Elizabeth Pratt,Belfast,132
1235,1767895,Charlie Parkes,Birmingham,38
1236,6042222,Ms Sharon Allan, Aberdeen,87
1237,9588861,Lee Smith,Birmingham,140
1238,8869764,Gregory Lewis-Khan,London,68
1239,6189208,Dr Dale Manning,Leeds,84
1240,1745155,William Taylor,Birmingham,175
1241,3324169,Guy Smith,Cardiff,105
1242,3481753,Mr Victor Smith,Leeds,139
1243,3124039,Nicola Barber,Brighton,106
1244,7291802,Mr Callum Joyce,Birmingham,104
1245,2858904,Eric Harvey-Watts,Brighton,144
1246,5764920,Phillip Jones-Faulkner,Birmingham,58
1247,8250844,Paul Bryant,Edinburgh,71
1248,5137376,Gemma Mills,Belfast,38
1249,8772118,Mrs Amelia Holmes, Aberdeen,100
1250,824189,Catherine Smith-Brown,Brighton,26
1251,2636904,Nicole Edwards,Leeds,113
1252,4018668,Jordan O'Brien,Belfast,69
1253,990728,Dr Charles Akhtar, Aberdeen,77
1254,9757462,Dr Joel Iqbal,Glasgow,101
1255,3530477,Lynne Murphy,London,159
1256,9189527,Kirsty Thomas,Cardiff,28
1257,7646156,Nathan McLean,Cardiff,99
1258,3934589,Wendy Metcalfe,Bristol,24
1259,5149166,Hayley Campbell, Aberdeen,89
1260,7209482,Charlotte Howe-Morris,Bristol,158
1261,8959974,Mr Ross Turner,Cardiff,11
1262,8497718,Miss Julie Khan,London,137
1263,4232780,Charlotte Sutton,Leeds,103
1264,4460089,Lesley Reynolds,Brighton,150
1265,7451311,Dr Joyce Bird,London,153
1266,5842642,Mr Steven Graham, Aberdeen,126
1267,6672731,Mr Ryan Franklin,London,83
1268,9614114,Dr Roger Jenkins,London,100
1269,242070,Miss Laura Reid,Belfast,146
1270,5914938,Ms Rachael Porter,Manchester,83
1271,5233498,Dr Leon Foster,Glasgow,92
1272,3731627,Diane Fox,Bristol,123
1273,1217736,Philip Hayes,Leeds,81
1274,5549004,Dr Maurice Harvey,Cardiff,187
1275,1558221,Sara Davey,Leeds,116
1276,9307566,Jayne Briggs,Belfast,120
1277,2545048,Kate Patterson,Glasgow,119
1278,302610,Simon Walker,Brighton,80
1279,8256715,Lewis Berry, Aberdeen,71
1280,3535341,Dr Joe Jackson,Brighton,106
1281,9358273,Nicholas Thompson,Bristol,41
1282,2053434,Charlene Holland,Birmingham,74
1283,2976084,Mrs Valerie Harrison,Leeds,90
1284,4173851,Beverley Roberts,London,69
1285,250335,Gregory Steele-James,Brighton,107
1286,3999282,Elliott Doyle,London,85
1287,8013996,Mr Daniel Reid,Glasgow,149
1288,5744465,Mr Raymond Moore,Cardiff,151
1289,6863677,Ms Kathryn Gray,Glasgow,65
1290,1978563,Dr Declan Gregory,Belfast,67
1291,5603451,Declan Holden,Edinburgh,93
1292,6168435,Joel Kent,Glasgow,105
1293,7574654,Ross Hutchinson,Brighton,116
1294,5333190,Mr Darren Nicholson,Edinburgh,7
1295,817666,Danielle Dean,Leeds,77
1296,8226786,Grace Thompson-Wood, Aberdeen,119
1297,7955833,Mr Craig Bradshaw,Brighton,67
1298,9051188,Miss Katherine Lamb,Edinburgh,72
1299,6925240,Bethany Hall,Brighton,81
1300,1415971,Rosemary George,Edinburgh,112
1301,5451164,Mr Leonard Russell,Bristol,164
1302,8350802,Mr Ricky Hudson,Brighton,117
1303,1827777,Mr Bradley West,Edinburgh,100
1304,1732604,Darren Dixon,Edinburgh,52
1305,2284766,Dr Steven Nicholson,Glasgow,148
1306,1238344,Michelle Evans,Cardiff,89
1307,4552921,Shirley Richards,Cardiff,101
1308,2486738,Carl Collins,Brighton,90
1309,829442,Tony Andrews,Bristol,108
1310,5383090,Gillian Bishop,Birmingham,147
1311,3162977,Aaron O'Sullivan,Birmingham,73
1312,5891093,Dr Alan Taylor,Edinburgh,109
1313,1762466,Ms Francesca Ferguson,Cardiff,107
1314,8846136,Dr Karen Stevens,Manchester,103
1315,599748,Miss Ellie Walker,London,135
1316,5658080,Mr Christopher Hodgson,Brighton,129
1317,481966,Julian O'Donnell,Belfast,132
1318,5904834,Miss Dorothy Brown,Cardiff,158
1319,4666728,Kirsty Davis,Glasgow,104
1320,206892,Dr Joseph Johnson,Bristol,44
1321,5669492,Ms Hayley Riley,Edinburgh,69
1322,5996093,Lee Clarke,Belfast,126
1323,1777301,Mr Russell Willis,Manchester,117
1324,9178832,Robert Ryan,Edinburgh,96
1325,3208357,Rebecca Andrews,Glasgow,160
1326,694543,Judith Akhtar,Bristol,116
1327,7089178,Cheryl Bartlett-Lowe,London,99
1328,1479665,Dr Christopher Newman, Aberdeen,68
1329,2401823,Lauren Howells,Manchester,78
1330,8682881,Garry Barnett,Cardiff,132
1331,7141815,Irene Martin,Leeds,67
1332,8395814,Dr Dean Thorpe,London,111
1333,5968614,Mr Gregory Gibbons,Manchester,106
1334,7429835,Fiona Rowe,Cardiff,100
1335,3851682,Ryan Butler,Manchester,120
1336,1313070,Dr Lee Bennett,Glasgow,104
1337,4203316,Karl Grant,Cardiff,127
1338,4975222,Jeremy Ali,Cardiff,94
1339,5355400,Jake Williams,London,82
1340,4276164,Joanne Ward,London,64
1341,649237,Melissa Scott,London,114
1342,2580857,Mrs Sally Bennett,Birmingham,108
1343,1800409,Julia Marsh,Glasgow,139
1344,8460884,Vincent Price, Aberdeen,56
1345,6750720,Grace Smith-Flynn,Glasgow,116
1346,2677711,Richard Knowles-Woodward,London,26
1347,3154966,Pamela Bennett-Watkins,Edinburgh,106
1348,7967002,Jason Campbell,London,20
1349,6096417,Marie Stevens-Walker, Aberdeen,74
1350,9155622,Hugh Manning,Glasgow,55
1351,7409850,Katy Richardson,Manchester,99
1352,2910566,Dawn Hart, Aberdeen,38
1353,6987993,Jacqueline Jones-Young,Leeds,149
1354,4935838,Patrick Patel,London,119
1355,4813750,Gillian Newton-Skinner,Bristol,127
1356,5557171,Mr Stanley Martin,Edinburgh,129
1357,8339959,Dr Allan Morgan,Cardiff,94
1358,2564786,Mrs Georgina Clements,London,100
1359,1238672,Rachael Bruce,Edinburgh,43
1360,3079327,Nicola Collins,Bristol,103
1361,6290663,Grace Baker,London,38
1362,3709866,Amber Sims,Manchester,98
1363,7337572,Bethany White-Gray,Bristol,41
1364,1399216,Glenn Pollard,Belfast,113
1365,9257174,Jennifer Black-Rogers,London,107
1366,8232240,Mrs Shannon Thomas,Leeds,100
1367,6755625,Alison Bailey, Aberdeen,136
1368,2711274,Miss Natalie Brown,Glasgow,98
1369,3677675,Dr Richard Fletcher,Belfast,23
1370,4770160,Samuel Ali,Brighton,51
1371,6376607,Gerard Mitchell,Bristol,83
1372,6189625,Frederick Allen,Birmingham,128
1373,316729,Carly Anderson-Wallace,Brighton,60
1374,9656014,Dr Declan Collins,Cardiff,140
1375,2047195,Thomas Douglas,Brighton,52
1376,442011,Mohammed Parker, Aberdeen,98
1377,1739715,Stuart McDonald-Ahmed,Manchester,12
1378,3690817,Mr Brett George,Cardiff,97
1379,2283879,Deborah Ward,Cardiff,113
1380,4292043,Joanna Rhodes, Aberdeen,147
1381,2089338,Mrs Kayleigh Finch,Birmingham,10
1382,8024595,Kathryn Hayes,London,99
1383,5769199,Laura Wyatt,London,49
1384,3951475,Dawn Burrows,Birmingham,126
1385,4919666,Dr Keith Matthews,Belfast,93
1386,820522,Annette Hawkins,Bristol,105
1387,4219413,Jodie Barton,Birmingham,123
1388,609614,Adrian Ward,Glasgow,160
1389,3068296,Katy Clarke-West,Brighton,67
1390,8113644,Angela Riley,Glasgow,153
1391,6226382,Jayne Griffiths,London,98
1392,9461287,Naomi Franklin,London,77
1393,6171936,Dominic Osborne,Cardiff,70
1394,7190941,Adrian Khan,Brighton,170
1395,9563202,Rita Elliott,Manchester,82
1396,1091462,Mr Mathew Burns,London,141
1397,1715816,Clare Davies,London,118
1398,2717596,Jean Newman,Leeds,143
1399,8099756,Geraldine Collins,London,36
1400,6583807,Mr Barry Gallagher,Edinburgh,17
1401,7095191,Stewart Cook,Manchester,95
1402,3162553,Mr Gary Evans,Manchester,60
1403,6343692,Ruth Parsons-Sanders,Leeds,94
1404,164241,Katherine Williams,Birmingham,31
1405,9505308,Dr Karen Bailey,Glasgow,89
1406,8218605,Elliot Davies,Bristol,185
1407,5293671,Suzanne Rose-Haynes,Manchester,99
1408,1720761,Mrs Mary Evans,Glasgow,52
1409,1174347,Miss Cheryl Russell,Edinburgh,109
1410,1561695,Susan Buckley,Cardiff,41
1411,6299262,Mrs Jodie Turner,London,117
1412,5150318,Nathan Hopkins, Aberdeen,141
1413,2997743,Dr Kelly Watson,Glasgow,132
1414,7676366,John Short-Ali,Glasgow,108
1415,1478603,Dr Kyle Wallis,Manchester,51
1416,5958502,Miss Maria Pearson,Brighton,82
1417,2494061,Katherine Walton,Brighton,52
1418,3336625,Wendy May,Bristol,110
1419,7362228,Kerry Hudson,Leeds,85
1420,6293232,Hazel Porter,London,149
1421,2160060,Joshua Warren,Bristol,159
1422,5671800,Ms Lisa Jones,Leeds,96
1423,1578508,Dr Luke Lynch,Glasgow,110
1424,7649591,Mr Philip McCarthy,Manchester,118
1425,1704350,Bryan Rowe,Manchester,71
1426,7616809,Stuart Freeman-Buckley,Manchester,113
1427,8895312,Mr Kevin Miller,Birmingham,84
1428,5946570,Frederick Jackson-Norton,Brighton,36
1429,5341058,Sharon Edwards,Belfast,59
1430,4570617,Maurice Pearce-Preston,Birmingham,39
1431,7731608,Jack Richards-Watson,Glasgow,164
1432,9749761,Hayley Khan,Brighton,125
1433,4808244,Dr Jenna Moss,Leeds,97
1434,4129978,Dr Ian Bennett,Manchester,93
1435,2089360,Miss Deborah Hill,Bristol,71
1436,9376802,Phillip Wood,Glasgow,126
1437,9090857,Brett Hamilton,Manchester,27
1438,7522128,Hilary Hawkins-Cook,Leeds,142
1439,9604621,Rachael Higgins,Edinburgh,134
1440,7609046,Harriet Martin,Glasgow,168
1441,4092298,Gareth Butler,Birmingham,92
1442,224480,Joanna Sanderson,Brighton,131
1443,8655850,Hayley Roberts,Cardiff,145
1444,5579303,Mrs Mandy Davidson,Birmingham,52
1445,4051525,Stephen Bishop,Brighton,91
1446,8000858,Maurice Collins-Wallace,Birmingham,147
1447,8108037,Joyce Baker,Leeds,109
1448,1459996,Kim Shaw,Leeds,112
1449,1921519,Alan Burgess,Glasgow,179
1450,6858509,Mr Darren Lewis,Bristol,148
1451,3145632,Mr Graham Newman,Cardiff,72
1452,2853527,Mr Albert Thornton,Birmingham,134
1453,2139806,Ms Eleanor Johnson,Cardiff,112
1454,9887273,Miss Natasha Williams,Cardiff,160
1455,2935873,Sam Graham,Birmingham,178
1456,958048,Craig Martin, Aberdeen,69
1457,7290967,Stacey Wood-Ford,Leeds,109
1458,8590672,Lesley Stanley-Johnson,London,91
1459,9474921,Catherine Pope,Cardiff,14
1460,2719540,Martyn Bryant,Leeds,103
1461,5553139,Cameron Ellis-Smith,Edinburgh,24
1462,1552778,Dr Emily Parker,Birmingham,158
1463,8848742,Lindsey Lamb-Holt,Edinburgh,152
1464,9802723,Victor Green,Glasgow,47
1465,225466,Diane Grant,Edinburgh,123
1466,946264,Kathleen Murray,Leeds,43
1467,2553862,Mrs Sandra Mitchell,Edinburgh,156
1468,9769785,Abdul Cooper,Bristol,115
1469,2405463,Carolyn Cross-Lloyd,Brighton,164
1470,3031619,Craig Lewis-Ahmed,Cardiff,38
1471,3525697,Miss Ashleigh Buckley,London,83
1472,9751945,Teresa Jones,Glasgow,90
1473,6957396,Dr Christian Edwards,Birmingham,155
1474,2391356,Grace Kelly,Birmingham,51
1475,8164729,Marion Thomas,Cardiff,142
1476,6817748,Mohamed Wyatt,Manchester,131
1477,8903655,Heather Moore, Aberdeen,125
1478,2161209,Dr Philip Holland,Bristol,97
1479,6985230,Denise Abbott-Allan,Edinburgh,149
1480,3284319,Mr Mohamed Bell,London,147
1481,4066211,Dr Malcolm Payne,Birmingham,67
1482,7973775,Patrick Lawrence,Leeds,156
1483,9686206,Kate Manning,Birmingham,148
1484,3389109,Mrs Elaine Williams,Leeds,78
1485,8033685,Bryan Dyer,London,97
1486,8533988,Alex Ahmed,London,61
1487,2486679,Mrs Jodie Green,Leeds,151
1488,159574,Gary Smith,Bristol,84
1489,2966876,Ashley Day,Birmingham,170
1490,6007469,Ms Julie Clarke, Aberdeen,92
1491,6536844,Jacob Martin-Lucas,Birmingham,74
1492,3816751,Mr Gerard Abbott,Leeds,56
1493,3459033,Marcus Gibbs,Cardiff,118
1494,1358472,Ms Maureen Kaur,Glasgow,62
1495,1168320,Daniel Jackson,Birmingham,83
1496,6701297,Francesca Brown,Belfast,51
1497,7209523,Beth Davies-Osborne,Glasgow,101
1498,4868901,Nicole Elliott,Leeds,168
1499,8979220,Mrs Maria Perry,Cardiff,86
1500,9679596,Allan Lynch,Bristol,142
1501,9330831,Elaine Gill, Aberdeen,163
1502,9342643,Albert Palmer-Young, Aberdeen,154
1503,3608794,Colin Davis,Leeds,189
1504,7080840,Francesca Pearson,Belfast,137
1505,4152990,Joyce Brown-Begum,Glasgow,57
1506,939445,James Quinn-Walker,Glasgow,126
1507,1607227,Francesca Ford,Edinburgh,92
1508,6318697,Teresa Elliott,Bristol,57
1509,3508195,Mr Louis Lewis,London,87
1510,1852733,Abbie Howard,Belfast,105
1511,6912897,Ms Leah Banks, Aberdeen,71
1512,6439786,Bryan Holland,Edinburgh,114
1513,1255676,Gary O'Neill,Bristol,92
1514,4758683,Kim Lee,London,44
1515,3742169,Lauren Baker,Cardiff,69
1516,9620084,Leah Potter-Reynolds,Glasgow,116
1517,2195871,Lewis Scott,Glasgow,141
1518,4584558,Julie Johnson,Belfast,122
1519,4047285,Victoria Pritchard,Cardiff,139
1520,3970613,Benjamin Barrett-Cartwright,Belfast,48
1521,6243029,Karl West,Leeds,102
1522,7944455,Damian Lloyd,Leeds,95
1523,6822218,Dominic Thompson-Wright,Manchester,103
1524,1946986,Joyce Coates,Leeds,171
1525,4858863,Mrs Jasmine Johnson,Manchester,59
1526,4528985,Ms Ann Hancock,Manchester,136
1527,4083107,Abbie Evans,Edinburgh,153
1528,6206297,Sophie McDonald, Aberdeen,50
1529,3974221,Dean Baker-Gilbert,London,70
1530,2649460,Jacob Hughes,Glasgow,89
1531,6044500,Ms Valerie Powell,Leeds,93
1532,6213206,Miss Rachael Mahmood,Glasgow,95
1533,1062503,Susan Shaw,Bristol,19
1534,5620819,Thomas Barlow-Arnold,Leeds,68
1535,2808012,Jeffrey Jones,Brighton,82
1536,6619460,Mrs Elaine Cross,Belfast,114
1537,9002139,Dr Roy Dixon, Aberdeen,135
1538,145203,Danny Kirk,Belfast,145
1539,4107495,Nicholas Johnson,Belfast,81
1540,586825,Luke Evans-Singh,Cardiff,150
1541,4885560,Mr Jonathan Hayward,Edinburgh,154
1542,6241832,Brenda Hardy,Birmingham,147
1543,9785580,Amy Ali,Birmingham,106
1544,2416909,Bryan Mellor, Aberdeen,120
1545,8241952,Mr Luke Boyle, Aberdeen,36
1546,4628544,Dr Guy Green,Glasgow,174
1547,6579599,Abbie Armstrong,Brighton,112
1548,5501889,Gillian Sharp-Smith,Leeds,100
1549,317683,Teresa Hopkins,London,41
1550,6377744,Sean Thompson,Manchester,96
1551,1976499,Dr Joel Faulkner,Glasgow,154
1552,1181238,Jeremy Daly,Glasgow,131
1553,9370318,Wendy Wallace, Aberdeen,84
1554,4044083,Josh Godfrey-Humphries,Belfast,71
1555,7641858,Lisa Kemp,Belfast,165
1556,2884742,Miss Natasha O'Connor,Birmingham,81
1557,7287448,Megan Norton,Glasgow,81
1558,5704870,Elliott Nash, Aberdeen,63
1559,5737615,Gary Carter,Belfast,129
1560,7913570,Gillian Brown,Glasgow,88
1561,8126083,Dominic Dixon,Manchester,103
1562,5624039,Miss Angela Jones,Belfast,84
1563,1404065,Charles Khan,Manchester,120
1564,5723674,Ryan Stevens,London,41
1565,4384907,Alan Vincent,Birmingham,82
1566,3205783,Dr Hilary Macdonald,Belfast,120
1567,8707777,Sophie Carter,Bristol,82
1568,5083193,Marie Graham,Manchester,65
1569,1913083,Mohamed Lewis,London,56
1570,5968937,Conor Edwards,Bristol,99
1571,4004844,Jake Woodward,Bristol,67
1572,5114946,Mr Leslie Smith,Leeds,93
1573,9479816,Martin Hamilton-Pickering,Edinburgh,131
1574,5499274,Owen Smith,Edinburgh,143
1575,5428631,Jay Bryant,London,113
1576,8112721,Kathryn Davis,Glasgow,107
1577,7854525,Helen Jenkins,Bristol,43
1578,8912745,Teresa James,London,92
1579,9087655,Joe Simpson-Holland,Manchester,175
1580,6463727,David Mellor-Morgan,Bristol,80
1581,1833990,Denis Hunter,Manchester,70
1582,3934516,Jake Perry-Singh,Belfast,85
1583,8998293,Miss Nicola Jones,Birmingham,141
1584,2848107,Aaron Hodgson,Birmingham,40
1585,4485078,Dr Sally Kelly,Edinburgh,58
1586,297507,Gordon Green,Brighton,84
1587,6293023,Mohammed Oliver,Edinburgh,156
1588,8587147,Damian Harper,Manchester,93
1589,2412672,Nathan Harris,Glasgow,149
1590,8210410,Hugh Hill,London,78
1591,3734713,Ms Karen Graham,Cardiff,136
1592,1650903,Jodie Cook,Edinburgh,82
1593,1493864,Max Reynolds,Edinburgh,38
1594,1432157,Cameron Morris,Edinburgh,90
1595,2442374,Robert James-Gill, Aberdeen,162
1596,1480350,Dr Martin Powell,Glasgow,131
1597,6534576,Dr Marcus Roberts,Manchester,147
1598,7954184,Gavin Ryan-Burton,London,31
1599,4978531,Matthew Kaur-Collins,Manchester,181
1600,181647,Sarah Jones,Cardiff,76
1601,8657001,Liam Williams,Birmingham,89
1602,3705222,Jamie Cox,London,84
1603,1928668,Dr Jill Anderson,Cardiff,85
1604,4236440,Mr Dean Lewis,Glasgow,124
1605,7704883,Dr Carl Owen,Birmingham,144
1606,2862741,Pamela Griffiths,Manchester,59
1607,4168296,Paula Simpson-Johnson,Manchester,110
1608,5874124,Dr Beth Horton,Manchester,94
1609,9343992,Robin White,Bristol,42
1610,3275314,Clive Roberts, Aberdeen,56
1611,8790471,Jake Thomas,Bristol,92
1612,3728957,Pamela Watts,Glasgow,164
1613,4431634,Paige Smith,Cardiff,106
1614,2772105,Barbara Graham,Manchester,187
1615,5593734,Reece Long,London,72
1616,8059406,Michael Phillips,Glasgow,124
1617,4471315,Victor Chapman-Morgan,Belfast,98
1618,5855357,Maurice Jordan,Birmingham,87
1619,3225488,Carole Watkins, Aberdeen,93
1620,6035685,Amelia Clarke,Birmingham,65
1621,6895008,Lynn Mitchell,Manchester,59
1622,7481051,Mr Julian Cook,Bristol,122
1623,4477631,Alan Lewis,Leeds,151
1624,8107421,Rita Carter,Manchester,55
1625,1735450,Ellie Wright-Parsons,London,193
1626,9831055,Michelle Riley, Aberdeen,138
1627,6621574,Beth Hussain-Jones,Leeds,117
1628,2888492,Harry Smith,Belfast,93
1629,5982153,Mrs Alison Webb, Aberdeen,68
1630,2968910,Jade Blake,Birmingham,134
1631,1864195,Valerie Harvey,Glasgow,85
1632,3009438,Shirley Lane-Richardson,Birmingham,105
1633,7698351,Mrs Kelly Khan,Glasgow,45
1634,1300675,Jonathan Palmer-Carpenter,Cardiff,104
1635,3240020,Barbara Scott,Leeds,134
1636,1723835,Sandra Newton,Belfast,115
1637,3326674,Kerry Davis,Belfast,102
1638,9944614,Leigh Clark,Cardiff,103
1639,2547696,Wayne Roberts,Cardiff,140
1640,2066741,Pauline Smart,Leeds,127
1641,1623654,Mr Anthony Davies,Bristol,152
1642,8605151,Nicola Butler,Bristol,85
1643,3992048,Josephine Harris,Manchester,149
1644,4927511,Martyn Law,Leeds,87
1645,6186456,Tracy Bailey, Aberdeen,130
1646,6910529,Joe Williams,Edinburgh,71
1647,3571136,Dr Nathan Harper,Cardiff,159
1648,8111089,Dr Helen Harper,Glasgow,74
1649,8625265,Mr Callum Dixon,Bristol,107
1650,5880012,Paul Lord,Leeds,110
1651,8717965,Steven Foster,London,182
1652,8623891,Robin Webster,Manchester,65
1653,9612820,Phillip Stone,Glasgow,122
1654,1509069,Naomi Wheeler-Lamb,London,137
1655,4237916,Dr Marilyn Davis,Cardiff,115
1656,615775,Dr Victoria Hunt,Bristol,153
1657,2817598,Dr Harriet Palmer,Bristol,48
1658,756973,Marian Bishop-Lewis,Edinburgh,47
1659,6389476,Ellie Houghton-Rowe, Aberdeen,74
1660,9373172,Henry Watson,Brighton,27
1661,6036377,Leonard Johnson,Birmingham,122
1662,1166271,Stanley Nicholls,Edinburgh,104
1663,7101948,Dr Lydia Townsend,Brighton,113
1664,9153352,Angela Sutton,Cardiff,44
1665,8621561,Mrs Kayleigh Preston,Birmingham,116
1666,2691614,Bethany Stone-Joyce,London,149
1667,8629637,Damian Thompson,London,82
1668,8556301,Donna Allen,Belfast,146
1669,999033,Mr Wayne Douglas,Manchester,135
1670,2832412,Dr Hannah Slater,Edinburgh,49
1671,7393715,Dr Darren Fisher,Birmingham,125
1672,7415135,Miss Mandy Walker,Manchester,97
1673,545313,Toby Morgan, Aberdeen,175
1674,7264014,Miss Naomi North,Edinburgh,81
1675,7311465,Kieran Briggs,Brighton,68
1676,9680509,Clare Jones,Glasgow,45
1677,5902055,Matthew Bradshaw,Bristol,135
1678,9575362,Hugh Potts,Belfast,159
1679,4590098,Melanie Brennan,Belfast,118
1680,4532783,Martin Butler-Bell,Leeds,84
1681,8627879,Melissa Turner,Cardiff,163
1682,7258963,Stephen Turner-Thompson,Manchester,186
1683,7254224,Dr Roy Smith, Aberdeen,123
1684,9608815,Ashleigh Phillips,Birmingham,42
1685,5066035,Ms Joanne Freeman,Birmingham,169
1686,9741579,Miss Kathryn Wong,London,55
1687,600235,Sian Murphy-Higgins,Belfast,159
1688,4831869,Henry Shepherd-Potts,Belfast,122
1689,2773316,Dr Megan Baker,Leeds,127
1690,3944679,Gavin Jackson, Aberdeen,129
1691,4087759,Joanne Thomson, Aberdeen,50
1692,470343,Sandra Potter,Birmingham,105
1693,2076350,Chloe Dean,Manchester,187
1694,9675881,Charlene Parkin,Birmingham,60
1695,6296791,Miss Sian Blake,Edinburgh,108
1696,907824,Leigh Sharpe,Cardiff,81
1697,2366136,Mrs Maureen Gray,London,115
1698,5548990,Jonathan Davies-James,Edinburgh,109
1699,6370174,Denise Moore,Belfast,116
1700,2377128,Guy Willis-Little,Edinburgh,104
1701,251989,Natalie Patel,Belfast,90
1702,1667429,Miss Alice Khan,Bristol,75
1703,820484,Dr Jordan Sims,Glasgow,143
1704,5745888,Jane Gallagher,Brighton,47
1705,3449565,Graeme Cox,Cardiff,87
1706,2044359,Elliott Harper,Glasgow,85
1707,3134220,George Burrows-Kay,Brighton,39
1708,1976266,Christopher Evans-Ward,Glasgow,145
1709,1937853,Wendy Stevenson,London,18
1710,5653555,Liam Austin,Manchester,50
1711,177877,Jayne Begum,Leeds,94
1712,1124126,Elliot Goddard,Manchester,109
1713,9583065,Diane Dennis, Aberdeen,79
1714,3396071,Lawrence Palmer,Cardiff,159
1715,3235001,Dale Davies-Rose,Belfast,128
1716,8507492,Dr Henry Hawkins,Birmingham,133
1717,2150499,Geraldine Alexander,Belfast,90
1718,6705273,Dr Stephanie Harrison,Cardiff,117
1719,2386110,Jay Gregory,Brighton,90
1720,8344360,Abbie Jackson,Brighton,29
1721,8862559,Ronald Collins,Cardiff,52
1722,3430432,Mrs Cheryl Howarth,Cardiff,168
1723,712795,Gemma Davis,Leeds,119
1724,9235205,Dr Stephanie Watts,Glasgow,145
1725,2928249,Damien Ward,Cardiff,130
1726,7814465,Heather Morris-Smith,Manchester,148
1727,1484015,Mary Roberts,Belfast,138
1728,8085168,Rosie Morgan,Cardiff,39
1729,7529227,Dr Clare Cook, Aberdeen,180
1730,7726953,Mrs Samantha Stewart,Birmingham,164
1731,4595889,Diana Stanley-Smith,London,95
1732,7648838,Julian Gallagher,London,29
1733,5439165,Dr Joshua Cunningham,Glasgow,80
1734,9229853,Gregory Reynolds,Leeds,92
1735,365046,Dr Ann Read,London,150
1736,4055571,Karl Ellis,Edinburgh,93
1737,5451337,Mr Reece Grant,Edinburgh,169
1738,6359096,Toby Tyler-Davidson,London,139
1739,5875551,Mrs Stephanie Goddard,Brighton,44
1740,7962414,Lindsey Harper,Bristol,62
1741,3986741,Lisa Archer,Manchester,75
1742,3732764,Nathan O'Donnell,Cardiff,148
1743,8215259,Graeme Saunders,London,135
1744,6254128,Brenda Robinson,Bristol,130
1745,9445822,Cheryl Griffiths,Cardiff,159
1746,8151123,James Thomas,Cardiff,40
1747,4815521,Dr Abbie Jones,Birmingham,74
1748,4859817,Hayley Parkin,Belfast,138
1749,4548908,Mr Dominic Wright,Edinburgh,61
1750,6870639,Ian Bird,Belfast,91
1751,6134725,Claire Carter,Edinburgh,99
1752,4006803,Ms Paige Shaw, Aberdeen,68
1753,6762457,Mrs Beth Hart,Manchester,161
1754,4703155,Derek Wright-Freeman,Glasgow,113
1755,7202400,Natasha Berry,Belfast,159
1756,314219,Daniel Hall,Leeds,92
1757,9108898,Ann Oliver,Belfast,174
1758,3626903,Hayley Parkin,London,74
1759,5514976,Ricky Ford,Glasgow,154
1760,1813305,Dr Harriet Townsend,Glasgow,93
1761,5517990,Mr Sam Bailey,Cardiff,101
1762,6199026,Hilary Stevens-Murray,Manchester,140
1763,8712185,Dr Nicola Ali,Edinburgh,121
1764,7765843,Miss Jasmine Holden,London,107
1765,9822980,Ms Francesca Ahmed,Glasgow,148
1766,8134682,Miss Grace Carter,London,63
1767,9755848,Deborah Bibi-Chambers,Glasgow,108
1768,5580071,Miss Eileen Hayes,Birmingham,166
1769,6755191,Tracey Bradley,Manchester,142
1770,8399637,Steven White, Aberdeen,105
1771,829527,Rhys Glover-Myers,Cardiff,9
1772,9443848,Miss Emily Davies,Leeds,91
1773,4679641,Catherine Donnelly,Belfast,143
1774,3846379,Jake Wilson,Glasgow,68
1775,8937300,Nicola Ward-Kerr, Aberdeen,86
1776,8357202,Ricky Stevens,Cardiff,44
1777,108749,Kayleigh Harris,Edinburgh,110
1778,8490872,Gordon Fitzgerald,Brighton,32
1779,3370402,Dr Terence Walton,Belfast,117
1780,1371945,Jane Green,Glasgow,142
1781,1881286,Guy Reed,Bristol,122
1782,399836,Mr Geoffrey Goddard,Manchester,23
1783,4861821,Jessica Curtis,Belfast,111
1784,1897691,Lee Henry,Brighton,76
1785,2809231,Allan Morgan-Berry, Aberdeen,93
1786,9070624,Gillian Goodwin-Coleman,Brighton,165
1787,4629048,Dr Alexandra Brookes,Manchester,134
1788,4787280,Alison Smith-Smith,Bristol,78
1789,4263909,Marie Simpson,Cardiff,72
1790,9765207,Ricky Wheeler,Birmingham,83
1791,8206944,Ms Rachael Tucker,Birmingham,166
1792,7624526,Jacqueline Phillips,Brighton,90
1793,5222408,Ms Jane Barlow,Bristol,83
1794,7816078,Dr Tina Evans,Birmingham,21
1795,4616513,Dr Antony Hooper,Leeds,105
1796,5068829,Lisa Short, Aberdeen,140
1797,7013642,Tracey Harris-Hill,London,88
1798,2855487,Mohamed Chandler,Belfast,110
1799,1344638,David Cooper-Anderson,Edinburgh,96
1800,5436913,Jason Clarke,Edinburgh,46
1801,4018296,Sandra Young,Leeds,95
1802,7571262,Sam Jackson, Aberdeen,112
1803,7449651,Dr Emma Sharp,Birmingham,81
1804,7372542,Glenn Smith-Saunders,Glasgow,52
1805,9416469,Joe James,Manchester,159
1806,3427570,Suzanne Farrell,London,76
1807,7106259,Diane Hale,Bristol,103
1808,3927513,Margaret Lawrence,Edinburgh,101
1809,3407297,Dr Scott Jones,Manchester,135
1810,3715775,Mrs Jodie Archer, Aberdeen,116
1811,1458018,Roy Jackson,Leeds,148
1812,6339182,Dr Paula Butler,Edinburgh,117
1813,1340077,Mr Joshua Lowe, Aberdeen,56
1814,340402,Mr Joe Barlow,Glasgow,68
1815,3015128,Danielle O'Brien, Aberdeen,67
1816,5048985,Dr Gordon Hall,Belfast,131
1817,9470118,Russell Bell,Bristol,64
1818,4961502,Dr Dean Roberts, Aberdeen,109
1819,139759,Mrs Kayleigh Chambers,Glasgow,67
1820,5201961,Clifford Oliver,Belfast,30
1821,2461345,Roy Hicks,Bristol,6
1822,1871057,Michelle Cooke-Parsons,Birmingham,113
1823,3769997,Kerry Hardy,Belfast,56
1824,3840622,Jack Walker-Stevens,Brighton,106
1825,2233175,Daniel Wright, Aberdeen,126
1826,2772591,Mohammad Mellor, Aberdeen,184
1827,4171753,Dr Beth Parkin,London,98
1828,7597082,Mrs Eleanor Begum,Glasgow,42
1829,2707902,Shaun Armstrong-Lee, Aberdeen,84
1830,8790290,Dr Anthony Noble,Cardiff,150
1831,5811413,Mr Ricky Shah,Manchester,134
1832,7244561,Bethany Stevens,Brighton,104
1833,1547674,Mrs Julia Myers,Leeds,108
1834,1694989,Christian Greenwood,Belfast,121
1835,8720387,Mrs Kathryn Reeves,London,102
1836,6019918,John Bentley,Glasgow,51
1837,3007854,Andrea Wilson,Brighton,96
1838,9913010,Dr Neil Palmer,Cardiff,135
1839,3216900,James Little,Manchester,102
1840,6500514,Susan Jackson-Carr,Manchester,154
1841,5418632,Geraldine Potter,Manchester,173
1842,4937857,Gary Turner,London,95
1843,133352,Dr Ian Morgan,Leeds,126
1844,8558566,Ms Francesca Lee,Birmingham,151
1845,1490617,Dr Craig Faulkner,Belfast,138
1846,3987630,Max Wilson,Cardiff,167
1847,328437,Harry Bell,Edinburgh,89
1848,410809,Adrian Howard,London,99
1849,4004881,Lucy Dobson,Bristol,95
1850,8362533,Mohamed McDonald,Leeds,161
1851,6467285,Mr Adrian Roberts,London,27
1852,922466,Dr Ashley Perry,London,97
1853,990202,Harriet Carroll,Cardiff,64
1854,8916589,Julian Thompson,Edinburgh,26
1855,5432641,Victor Lee,Cardiff,66
1856,6083797,Susan Owen,Belfast,142
1857,2901204,Russell Whitehouse,Brighton,113
1858,4359776,Mr Benjamin Hunter,Belfast,128
1859,2644821,Mrs Hilary Robertson,Edinburgh,73
1860,9107467,Aimee Holden-Richards,Manchester,86
1861,2513959,Bruce Hill,Belfast,100
1862,7549489,Mr Hugh Ford,Leeds,138
1863,7247142,Dr Jane Oliver,Manchester,156
1864,2112240,Margaret Day,Glasgow,122
1865,4827061,Mrs Marilyn Winter,Manchester,192
1866,3086920,Oliver Carr,Edinburgh,145
1867,6323918,Kate James-O'Connor,Bristol,99
1868,7952403,Scott Nicholson,Brighton,90
1869,6652150,Nicole Slater,Glasgow,71
1870,9948463,Clive Davies,Brighton,31
1871,470868,Lucy Robson-Lee,Birmingham,136
1872,2344257,Ms Joan Webb, Aberdeen,118
1873,5502255,Dr Samuel Ahmed,Cardiff,108
1874,5415525,Angela Wilkinson,Manchester,85
1875,8327454,Dr Dylan Wilkins, Aberdeen,172
1876,6698259,Mr Tony Wright,Bristol,75
1877,2694084,Amy Kelly,Bristol,124
1878,3955196,Philip Mason, Aberdeen,127
1879,4190427,Darren Carroll,Belfast,91
1880,2172995,Hugh Wade,Cardiff,115
1881,8356454,Antony Fleming,Leeds,107
1882,3766343,Helen Hall,Glasgow,161
1883,8211676,Mr Garry Jones,Birmingham,164
1884,3402080,Ben Patterson,Manchester,110
1885,4418602,Alice Harrison,Leeds,173
1886,2084374,Donald Chapman-Begum,Leeds,136
1887,2222982,Donald Davis,London,88
1888,3680030,Dr Leslie Ball,Edinburgh,47
1889,3426462,Marie Barrett,Edinburgh,91
1890,8371769,Karen Kelly,Manchester,149
1891,9675325,Dr Albert Thompson,Belfast,150
1892,1930407,Lawrence Nash,Birmingham,113
1893,3285572,Kim Collins,Cardiff,99
1894,4570982,Michael Spencer,Leeds,113
1895,2353343,Amber Moss-Powell,Bristol,61
1896,2098237,Ms Linda Hall,Birmingham,38
1897,8019892,Janice Hayward,London,84
1898,1400170,David Warner,Belfast,108
1899,2956129,Dr Naomi Doherty,London,125
1900,2705802,Elaine Townsend,Belfast,16
1901,6132745,Neil Harvey-Akhtar,Brighton,12
1902,855537,Ms Alice Birch,Brighton,146
1903,8455324,Lesley Matthews,Leeds,101
1904,2054023,Dr Howard Davis,London,102
1905,2946562,Sam Spencer,Edinburgh,3
1906,555092,Marie Kennedy,Manchester,50
1907,9707097,Guy Richards-Taylor,Cardiff,134
1908,9673250,Mr Anthony Charlton,Belfast,113
1909,9754154,Ms Janice Henry,London,94
1910,5585587,Neil Clark-Hawkins,London,80
1911,2396830,Toby Smith-Marsden,Birmingham,98
1912,1558734,Jacob Lawrence,Belfast,114
1913,9767720,Kayleigh Barnes,Leeds,39
1914,1402414,Dr Nathan Young,Edinburgh,38
1915,5542839,Tony Norton,Edinburgh,149
1916,2682077,Natasha Mason,Bristol,84
1917,8642581,Richard Kent,Belfast,153
1918,4036902,Mrs Sophie Atkinson,Bristol,91
1919,1822840,Tom Lord,Birmingham,135
1920,4944234,Jill Morley,Birmingham,135
1921,9465347,Mrs Hilary Turner,Belfast,77
1922,7038889,Colin Williamson,London,106
1923,6084827,Brett Jackson,Birmingham,109
1924,2863957,Dr Jack Hodgson,Manchester,112
1925,4181835,Miss Marion Barnes,Leeds,129
1926,7398842,Eric Patel-Moss,Edinburgh,66
1927,5136157,Douglas Khan,Cardiff,81
1928,8563520,Maureen Young,Glasgow,73
1929,4872065,Miss Eleanor Finch,Bristol,134
1930,511581,Amy Williams,Cardiff,32
1931,7827004,Josh Kelly,Edinburgh,142
1932,9137177,Mr Abdul Stone,Cardiff,138
1933,316491,Ms Kate Carroll,Birmingham,148
1934,9619084,Dr Billy Young,Glasgow,162
1935,2062870,Gemma Hussain,London,127
1936,3490903,Jasmine Smith-O'Sullivan,Birmingham,16
1937,1437497,Neil Dunn,Edinburgh,175
1938,5284137,Ronald Palmer,Brighton,15
1939,2577056,Vincent Dawson,Brighton,86
1940,3751777,Dr Nicholas Gilbert,Edinburgh,162
1941,2993158,Marc Wood,London,179
1942,7846624,Dr Stuart Bowen,Brighton,104
1943,2221551,Shaun Doyle,Belfast,126
1944,4973823,Beverley McKenzie,London,68
1945,313129,Terry Baxter, Aberdeen,194
1946,6787032,Jacob Daly,Leeds,105
1947,975553,Valerie Evans,Brighton,137
1948,4256335,Mr Dale Morgan,Edinburgh,94
1949,8487430,Dr Marilyn Davies,Birmingham,102
1950,5136917,Roy Walker,Glasgow,172
1951,1481890,Norman Power,Leeds,123
1952,7537538,Charles Gallagher,Manchester,79
1953,2465688,Clare Wilson,Birmingham,141
1954,1175497,Miss Olivia Nolan,Belfast,131
1955,2241899,Chelsea Reeves, Aberdeen,122
1956,7081922,Gillian Hancock,Manchester,78
1957,8980198,Melissa Barber,Edinburgh,88
1958,1820725,Andrea Buckley-Dixon,Cardiff,140
1959,1727310,Miss Amber Akhtar,Manchester,184
1960,6840256,Mr Arthur Lewis,Bristol,122
1961,4060908,Patricia Ahmed-Hopkins,London,117
1962,8748871,Karen Thomas,Edinburgh,77
1963,6707304,Donald Ward,Bristol,97
1964,3577429,Rosemary Willis,Edinburgh,167
1965,7876584,Jeremy Lloyd-Wallis,Brighton,93
1966,9454017,Katherine Cook,Brighton,89
1967,1512469,Josh Ward-Wilson,Bristol,98
1968,853651,Melanie Rogers,Belfast,141
1969,9000219,Frances Forster,Manchester,96
1970,1240259,Anna Foster,Belfast,109
1971,1484047,Mr George Stevenson,Glasgow,109
1972,1298942,Clare Grant,Brighton,139
1973,2020954,Guy Roberts,Glasgow,133
1974,2399146,Billy Williams,Glasgow,57
1975,6452598,Charles Wilson,Manchester,175
1976,4108819,Joshua Gough,Manchester,106
1977,1525489,Ashleigh Marshall,Cardiff,112
1978,7615936,Mr Steven Davies,Glasgow,109
1979,2591068,Daniel Flynn,Birmingham,155
1980,5127987,Dorothy Mitchell-Barnes,Birmingham,28
1981,2414674,Dr Carly Robinson,Cardiff,28
1982,8658617,Wayne Robinson,Leeds,101
1983,4821502,Teresa Hyde,Brighton,149
1984,3665150,Mrs Alice Summers,Belfast,85
1985,7392212,Mr Gerald Wade,Brighton,141
1986,6711719,Miss Hollie Kennedy,Cardiff,41
1987,1953348,Kevin Wright-Patel,Manchester,84
1988,9511364,Mary Townsend,London,112
1989,7615883,Geraldine Bradshaw-Simpson,Brighton,148
1990,5347498,Mary Bennett,London,126
1991,4183909,Dr Leon Thompson,Brighton,72
1992,8661226,Dale Wong-Brown,Edinburgh,91
1993,7927613,Miss Charlene Bennett, Aberdeen,27
1994,5175497,Hugh Brooks,Brighton,63
1995,666944,Keith Clarke,Edinburgh,105
1996,1226557,Dr Wendy Flynn, Aberdeen,100
1997,2734552,Robert Lee,Belfast,144
1998,4399749,Leon White,Edinburgh,47
1999,9269180,Jason Lewis, Aberdeen,54
